-- MySQL dump 10.13  Distrib 5.7.22, for osx10.13 (x86_64)
--
-- Host: localhost    Database: college_plans
-- ------------------------------------------------------
-- Server version	5.7.22

/*!40101 SET @OLD_CHARACTER_SET_CLIENT=@@CHARACTER_SET_CLIENT */;
/*!40101 SET @OLD_CHARACTER_SET_RESULTS=@@CHARACTER_SET_RESULTS */;
/*!40101 SET @OLD_COLLATION_CONNECTION=@@COLLATION_CONNECTION */;
/*!40101 SET NAMES utf8 */;
/*!40103 SET @OLD_TIME_ZONE=@@TIME_ZONE */;
/*!40103 SET TIME_ZONE='+00:00' */;
/*!40014 SET @OLD_UNIQUE_CHECKS=@@UNIQUE_CHECKS, UNIQUE_CHECKS=0 */;
/*!40014 SET @OLD_FOREIGN_KEY_CHECKS=@@FOREIGN_KEY_CHECKS, FOREIGN_KEY_CHECKS=0 */;
/*!40101 SET @OLD_SQL_MODE=@@SQL_MODE, SQL_MODE='NO_AUTO_VALUE_ON_ZERO' */;
/*!40111 SET @OLD_SQL_NOTES=@@SQL_NOTES, SQL_NOTES=0 */;

--
-- Table structure for table `college`
--

DROP TABLE IF EXISTS `college`;
/*!40101 SET @saved_cs_client     = @@character_set_client */;
/*!40101 SET character_set_client = utf8 */;
CREATE TABLE `college` (
  `id` bigint(20) NOT NULL AUTO_INCREMENT,
  `college_name` varchar(255) NOT NULL,
  `college_code` varchar(255) NOT NULL,
  PRIMARY KEY (`id`)
) ENGINE=InnoDB AUTO_INCREMENT=12 DEFAULT CHARSET=latin1;
/*!40101 SET character_set_client = @saved_cs_client */;

--
-- Dumping data for table `college`
--

LOCK TABLES `college` WRITE;
/*!40000 ALTER TABLE `college` DISABLE KEYS */;
INSERT INTO `college` VALUES (3,'College of Accounting Sciences','CAS'),(4,'College of Agriculture & Environmental Scienc','CAES'),(7,'College of Economic & Management Sciences','CEMS'),(8,'College of Education','CEDU'),(9,'College of Human Sciences','CHS'),(10,'College of Law','COL'),(11,'College of Science, Engineering & Technology','CSET');
/*!40000 ALTER TABLE `college` ENABLE KEYS */;
UNLOCK TABLES;

--
-- Table structure for table `databasechangelog`
--

DROP TABLE IF EXISTS `databasechangelog`;
/*!40101 SET @saved_cs_client     = @@character_set_client */;
/*!40101 SET character_set_client = utf8 */;
CREATE TABLE `databasechangelog` (
  `ID` varchar(255) NOT NULL,
  `AUTHOR` varchar(255) NOT NULL,
  `FILENAME` varchar(255) NOT NULL,
  `DATEEXECUTED` datetime NOT NULL,
  `ORDEREXECUTED` int(11) NOT NULL,
  `EXECTYPE` varchar(10) NOT NULL,
  `MD5SUM` varchar(35) DEFAULT NULL,
  `DESCRIPTION` varchar(255) DEFAULT NULL,
  `COMMENTS` varchar(255) DEFAULT NULL,
  `TAG` varchar(255) DEFAULT NULL,
  `LIQUIBASE` varchar(20) DEFAULT NULL,
  `CONTEXTS` varchar(255) DEFAULT NULL,
  `LABELS` varchar(255) DEFAULT NULL,
  `DEPLOYMENT_ID` varchar(10) DEFAULT NULL
) ENGINE=InnoDB DEFAULT CHARSET=latin1;
/*!40101 SET character_set_client = @saved_cs_client */;

--
-- Dumping data for table `databasechangelog`
--

LOCK TABLES `databasechangelog` WRITE;
/*!40000 ALTER TABLE `databasechangelog` DISABLE KEYS */;
INSERT INTO `databasechangelog` VALUES ('00000000000001','jhipster','classpath:config/liquibase/changelog/00000000000000_initial_schema.xml','2018-03-14 18:08:39',1,'EXECUTED','7:289534c28c020e6fefc04422562ad4a2','createTable tableName=jhi_user; createIndex indexName=idx_user_login, tableName=jhi_user; createIndex indexName=idx_user_email, tableName=jhi_user; createTable tableName=jhi_authority; createTable tableName=jhi_user_authority; addPrimaryKey tableN...','',NULL,'3.5.3',NULL,NULL,'1043712528'),('20180315060508-1','jhipster','classpath:config/liquibase/changelog/20180315060508_added_entity_College.xml','2018-03-15 08:11:12',2,'EXECUTED','7:9c12e0ede2fefac0928f2444239e03aa','createTable tableName=college','',NULL,'3.5.3',NULL,NULL,'1094271855'),('20180315062449-1','jhipster','classpath:config/liquibase/changelog/20180315062449_added_entity_School.xml','2018-03-15 08:38:13',3,'EXECUTED','7:6d710773b8c69092f74cda92bb893e52','createTable tableName=school','',NULL,'3.5.3',NULL,NULL,'1095892683'),('20180315062449-2','jhipster','classpath:config/liquibase/changelog/20180315062449_added_entity_constraints_School.xml','2018-03-15 08:38:15',4,'EXECUTED','7:b348684a2382082175b8670c7659d49a','addForeignKeyConstraint baseTableName=school, constraintName=fk_school_college_id, referencedTableName=college','',NULL,'3.5.3',NULL,NULL,'1095892683'),('20180315064606-1','jhipster','classpath:config/liquibase/changelog/20180315064606_added_entity_Department.xml','2018-03-15 08:48:31',5,'EXECUTED','7:1586ff0ac3f209abb1c17152e3ff1895','createTable tableName=department','',NULL,'3.5.3',NULL,NULL,'1096510802'),('20180315064606-2','jhipster','classpath:config/liquibase/changelog/20180315064606_added_entity_constraints_Department.xml','2018-03-15 08:48:32',6,'EXECUTED','7:00120a58b18255d15cb5b987c9707785','addForeignKeyConstraint baseTableName=department, constraintName=fk_department_school_id, referencedTableName=school','',NULL,'3.5.3',NULL,NULL,'1096510802'),('20180315065631-1','jhipster','classpath:config/liquibase/changelog/20180315065631_added_entity_Module.xml','2018-03-15 08:59:43',7,'EXECUTED','7:b22956d3bc52555956ecb3bc72320d85','createTable tableName=module','',NULL,'3.5.3',NULL,NULL,'1097182636'),('20180315065631-2','jhipster','classpath:config/liquibase/changelog/20180315065631_added_entity_constraints_Module.xml','2018-03-15 08:59:45',8,'EXECUTED','7:de65754cee9e6cf4f571b9195b320f64','addForeignKeyConstraint baseTableName=module, constraintName=fk_module_department_id, referencedTableName=department','',NULL,'3.5.3',NULL,NULL,'1097182636'),('20180315070853-1','jhipster','classpath:config/liquibase/changelog/20180315070853_added_entity_PedagogyType.xml','2018-03-15 09:15:11',9,'EXECUTED','7:873a9fbdd270db8df5525ca2c654383a','createTable tableName=pedagogy_type','',NULL,'3.5.3',NULL,NULL,'1098111011'),('20180315071905-1','jhipster','classpath:config/liquibase/changelog/20180315071905_added_entity_Printing.xml','2018-03-15 09:21:27',10,'EXECUTED','7:7cc6d08912da5c1693e3ca689f725d2c','createTable tableName=printing','',NULL,'3.5.3',NULL,NULL,'1098486631'),('20180315072623-1','jhipster','classpath:config/liquibase/changelog/20180315072623_added_entity_ExamType.xml','2018-03-15 09:29:26',11,'EXECUTED','7:d315d76883e39d56f931655e4022d5ce','createTable tableName=exam_type','',NULL,'3.5.3',NULL,NULL,'1098966314'),('20180315074410-1','jhipster','classpath:config/liquibase/changelog/20180315074410_added_entity_ModuleOdelPlan.xml','2018-03-15 09:49:13',12,'EXECUTED','7:190a6492e7e342487692e34f2c31d9fe','createTable tableName=module_odel_plan','',NULL,'3.5.3',NULL,NULL,'1100152337'),('20180315074410-2','jhipster','classpath:config/liquibase/changelog/20180315074410_added_entity_constraints_ModuleOdelPlan.xml','2018-03-15 09:49:19',13,'EXECUTED','7:ca0441d4aea4758fc24d683f0644ba5e','addForeignKeyConstraint baseTableName=module_odel_plan, constraintName=fk_module_odel_plan_module_id, referencedTableName=module; addForeignKeyConstraint baseTableName=module_odel_plan, constraintName=fk_module_odel_plan_pedagogy_type_id, referenc...','',NULL,'3.5.3',NULL,NULL,'1100152337');
/*!40000 ALTER TABLE `databasechangelog` ENABLE KEYS */;
UNLOCK TABLES;

--
-- Table structure for table `databasechangeloglock`
--

DROP TABLE IF EXISTS `databasechangeloglock`;
/*!40101 SET @saved_cs_client     = @@character_set_client */;
/*!40101 SET character_set_client = utf8 */;
CREATE TABLE `databasechangeloglock` (
  `ID` int(11) NOT NULL,
  `LOCKED` bit(1) NOT NULL,
  `LOCKGRANTED` datetime DEFAULT NULL,
  `LOCKEDBY` varchar(255) DEFAULT NULL,
  PRIMARY KEY (`ID`)
) ENGINE=InnoDB DEFAULT CHARSET=latin1;
/*!40101 SET character_set_client = @saved_cs_client */;

--
-- Dumping data for table `databasechangeloglock`
--

LOCK TABLES `databasechangeloglock` WRITE;
/*!40000 ALTER TABLE `databasechangeloglock` DISABLE KEYS */;
INSERT INTO `databasechangeloglock` VALUES (1,'\0',NULL,NULL);
/*!40000 ALTER TABLE `databasechangeloglock` ENABLE KEYS */;
UNLOCK TABLES;

--
-- Table structure for table `department`
--

DROP TABLE IF EXISTS `department`;
/*!40101 SET @saved_cs_client     = @@character_set_client */;
/*!40101 SET character_set_client = utf8 */;
CREATE TABLE `department` (
  `id` bigint(20) NOT NULL AUTO_INCREMENT,
  `department_name` varchar(255) NOT NULL,
  `school_id` bigint(20) NOT NULL,
  PRIMARY KEY (`id`),
  KEY `fk_department_school_id` (`school_id`),
  CONSTRAINT `fk_department_school_id` FOREIGN KEY (`school_id`) REFERENCES `school` (`id`)
) ENGINE=InnoDB AUTO_INCREMENT=72 DEFAULT CHARSET=latin1;
/*!40101 SET character_set_client = @saved_cs_client */;

--
-- Dumping data for table `department`
--

LOCK TABLES `department` WRITE;
/*!40000 ALTER TABLE `department` DISABLE KEYS */;
INSERT INTO `department` VALUES (2,'Department of Financial Governance',2),(3,'Department of Financial Intelligence',2),(5,'Department of Auditing',1),(6,'Department of Financial Accounting',1),(7,'Department of Management Accounting',1),(8,'Department of Taxation',1),(9,'Department of Agriculture and Animal Health',3),(10,'Department of Life and Consumer Sciences',3),(11,'Department of Environmental Sciences',4),(12,'Department of Geography',4),(13,'Department of Decision Sciences',5),(15,'Department of Finance, Risk Management and Banking',5),(16,'Department of Economics',5),(17,'Department of Business Management',6),(18,'Department of Human Resource Management',6),(19,'Department of Industrial and Organisational Psychology',6),(20,'Department of Marketing and Retail',6),(21,'Entrepreneurship, Supply Chain, Transport, Tourism and Logistics Management',7),(22,'Department of Public Administration and Management',7),(23,'Department of Operations Management',7),(24,'Department of Adult Basic Education',8),(25,'Department of Educational Foundations',8),(26,'Department of Psychology of Education',8),(27,'Department of Inclusive Education',8),(28,'Department of Education Leadership and Management',8),(29,'Department of Mathematics Education',9),(30,'Department of Science and Technology Education',9),(31,'Department of Language Education, Arts and Culture',9),(32,'Department of Curriculum and Instructional Studies',9),(33,'Department of Early Childhood Education',9),(34,'Department of African Languages',10),(35,'Department of Afrikaans and Theory of Literature',10),(36,'Department of Art History, Visual Arts and Musicology',10),(37,'Department of Communication Science',10),(38,'Department of English Studies',10),(39,'Department of Information Science',10),(40,'Department of Linguistics and Modern Languages',10),(41,'Department of Anthropology and Archaeology',11),(42,'Department of Biblical and Ancient Studies',11),(43,'Department of Christian Spirituality, Church History and Missiology',11),(44,'Department of History',11),(45,'Department of Philosophy, Practical and Systematic Theology',11),(46,'Department of Religious Studies and Arabic',11),(47,'Department of Development Studies',12),(48,'Department of Health Studies',12),(49,'Department of Political Sciences',12),(50,'Department of Psychology',12),(51,'Department of Social Work',12),(52,'Department of Sociology',12),(53,'Department of Criminal and Procedural Law',13),(54,'Department of Jurisprudence',13),(55,'Department of Mercantile Law',13),(56,'Department of Private Law',13),(57,'Department of Public, Constitutional and International Law',13),(58,'Department of Criminology and Security Science',14),(59,'Department of Corrections Management',14),(60,'Department of Police Practice',14),(61,'Department of Chemistry',15),(62,'Department of Mathematical Sciences',15),(63,'Department of Physics',15),(64,'Department of Statistics',15),(65,'Department of Civil and Chemical Engineering',16),(66,'Department of Mechanical and Industrial Engineering',16),(67,'Department of Electrical and Mining Engineering',16),(68,'Computer Science',17),(69,'Information Systems',17),(70,'Information Technology',17),(71,'School of Accountancy Post Graduate',1);
/*!40000 ALTER TABLE `department` ENABLE KEYS */;
UNLOCK TABLES;

--
-- Table structure for table `exam_type`
--

DROP TABLE IF EXISTS `exam_type`;
/*!40101 SET @saved_cs_client     = @@character_set_client */;
/*!40101 SET character_set_client = utf8 */;
CREATE TABLE `exam_type` (
  `id` bigint(20) NOT NULL AUTO_INCREMENT,
  `exam` varchar(255) NOT NULL,
  PRIMARY KEY (`id`)
) ENGINE=InnoDB AUTO_INCREMENT=4 DEFAULT CHARSET=latin1;
/*!40101 SET character_set_client = @saved_cs_client */;

--
-- Dumping data for table `exam_type`
--

LOCK TABLES `exam_type` WRITE;
/*!40000 ALTER TABLE `exam_type` DISABLE KEYS */;
INSERT INTO `exam_type` VALUES (1,'VENUE'),(2,'NONE VENUE'),(3,'ONLINE');
/*!40000 ALTER TABLE `exam_type` ENABLE KEYS */;
UNLOCK TABLES;

--
-- Table structure for table `jhi_authority`
--

DROP TABLE IF EXISTS `jhi_authority`;
/*!40101 SET @saved_cs_client     = @@character_set_client */;
/*!40101 SET character_set_client = utf8 */;
CREATE TABLE `jhi_authority` (
  `name` varchar(50) NOT NULL,
  PRIMARY KEY (`name`)
) ENGINE=InnoDB DEFAULT CHARSET=latin1;
/*!40101 SET character_set_client = @saved_cs_client */;

--
-- Dumping data for table `jhi_authority`
--

LOCK TABLES `jhi_authority` WRITE;
/*!40000 ALTER TABLE `jhi_authority` DISABLE KEYS */;
INSERT INTO `jhi_authority` VALUES ('ROLE_ADMIN'),('ROLE_USER');
/*!40000 ALTER TABLE `jhi_authority` ENABLE KEYS */;
UNLOCK TABLES;

--
-- Table structure for table `jhi_persistent_audit_event`
--

DROP TABLE IF EXISTS `jhi_persistent_audit_event`;
/*!40101 SET @saved_cs_client     = @@character_set_client */;
/*!40101 SET character_set_client = utf8 */;
CREATE TABLE `jhi_persistent_audit_event` (
  `event_id` bigint(20) NOT NULL AUTO_INCREMENT,
  `principal` varchar(50) NOT NULL,
  `event_date` timestamp NULL DEFAULT NULL,
  `event_type` varchar(255) DEFAULT NULL,
  PRIMARY KEY (`event_id`),
  KEY `idx_persistent_audit_event` (`principal`,`event_date`)
) ENGINE=InnoDB AUTO_INCREMENT=2 DEFAULT CHARSET=latin1;
/*!40101 SET character_set_client = @saved_cs_client */;

--
-- Dumping data for table `jhi_persistent_audit_event`
--

LOCK TABLES `jhi_persistent_audit_event` WRITE;
/*!40000 ALTER TABLE `jhi_persistent_audit_event` DISABLE KEYS */;
INSERT INTO `jhi_persistent_audit_event` VALUES (1,'admin','2018-03-14 16:10:01','AUTHENTICATION_SUCCESS');
/*!40000 ALTER TABLE `jhi_persistent_audit_event` ENABLE KEYS */;
UNLOCK TABLES;

--
-- Table structure for table `jhi_persistent_audit_evt_data`
--

DROP TABLE IF EXISTS `jhi_persistent_audit_evt_data`;
/*!40101 SET @saved_cs_client     = @@character_set_client */;
/*!40101 SET character_set_client = utf8 */;
CREATE TABLE `jhi_persistent_audit_evt_data` (
  `event_id` bigint(20) NOT NULL,
  `name` varchar(150) NOT NULL,
  `value` varchar(255) DEFAULT NULL,
  PRIMARY KEY (`event_id`,`name`),
  KEY `idx_persistent_audit_evt_data` (`event_id`),
  CONSTRAINT `fk_evt_pers_audit_evt_data` FOREIGN KEY (`event_id`) REFERENCES `jhi_persistent_audit_event` (`event_id`)
) ENGINE=InnoDB DEFAULT CHARSET=latin1;
/*!40101 SET character_set_client = @saved_cs_client */;

--
-- Dumping data for table `jhi_persistent_audit_evt_data`
--

LOCK TABLES `jhi_persistent_audit_evt_data` WRITE;
/*!40000 ALTER TABLE `jhi_persistent_audit_evt_data` DISABLE KEYS */;
/*!40000 ALTER TABLE `jhi_persistent_audit_evt_data` ENABLE KEYS */;
UNLOCK TABLES;

--
-- Table structure for table `jhi_user`
--

DROP TABLE IF EXISTS `jhi_user`;
/*!40101 SET @saved_cs_client     = @@character_set_client */;
/*!40101 SET character_set_client = utf8 */;
CREATE TABLE `jhi_user` (
  `id` bigint(20) NOT NULL AUTO_INCREMENT,
  `login` varchar(50) NOT NULL,
  `password_hash` varchar(60) DEFAULT NULL,
  `first_name` varchar(50) DEFAULT NULL,
  `last_name` varchar(50) DEFAULT NULL,
  `email` varchar(100) DEFAULT NULL,
  `image_url` varchar(256) DEFAULT NULL,
  `activated` bit(1) NOT NULL,
  `lang_key` varchar(5) DEFAULT NULL,
  `activation_key` varchar(20) DEFAULT NULL,
  `reset_key` varchar(20) DEFAULT NULL,
  `created_by` varchar(50) NOT NULL,
  `created_date` timestamp NOT NULL DEFAULT CURRENT_TIMESTAMP ON UPDATE CURRENT_TIMESTAMP,
  `reset_date` timestamp NULL DEFAULT NULL,
  `last_modified_by` varchar(50) DEFAULT NULL,
  `last_modified_date` timestamp NULL DEFAULT NULL,
  PRIMARY KEY (`id`),
  UNIQUE KEY `login` (`login`),
  UNIQUE KEY `idx_user_login` (`login`),
  UNIQUE KEY `email` (`email`),
  UNIQUE KEY `idx_user_email` (`email`)
) ENGINE=InnoDB AUTO_INCREMENT=5 DEFAULT CHARSET=latin1;
/*!40101 SET character_set_client = @saved_cs_client */;

--
-- Dumping data for table `jhi_user`
--

LOCK TABLES `jhi_user` WRITE;
/*!40000 ALTER TABLE `jhi_user` DISABLE KEYS */;
INSERT INTO `jhi_user` VALUES (2,'anonymoususer','$2a$10$j8S5d7Sr7.8VTOYNviDPOeWX8KcYILUVJBsYV83Y5NtECayypx9lO','Anonymous','User','anonymous@localhost','','','en',NULL,NULL,'system','2018-03-14 16:08:36',NULL,'system',NULL),(3,'admin','$2a$10$gSAhZrxMllrbgj/kkK9UceBPpChGWJA7SYIb1Mqo.n5aNLq1/oRrC','Administrator','Administrator','admin@localhost','','','en',NULL,NULL,'system','2018-03-14 16:08:36',NULL,'system',NULL),(4,'user','$2a$10$VEjxo0jq2YG9Rbk2HmX9S.k1uZBGYUHdUcid3g/vfiEl7lwWgOH/K','User','User','user@localhost','','','en',NULL,NULL,'system','2018-03-14 16:08:36',NULL,'system',NULL);
/*!40000 ALTER TABLE `jhi_user` ENABLE KEYS */;
UNLOCK TABLES;

--
-- Table structure for table `jhi_user_authority`
--

DROP TABLE IF EXISTS `jhi_user_authority`;
/*!40101 SET @saved_cs_client     = @@character_set_client */;
/*!40101 SET character_set_client = utf8 */;
CREATE TABLE `jhi_user_authority` (
  `user_id` bigint(20) NOT NULL,
  `authority_name` varchar(50) NOT NULL,
  PRIMARY KEY (`user_id`,`authority_name`),
  KEY `fk_authority_name` (`authority_name`),
  CONSTRAINT `fk_authority_name` FOREIGN KEY (`authority_name`) REFERENCES `jhi_authority` (`name`),
  CONSTRAINT `fk_user_id` FOREIGN KEY (`user_id`) REFERENCES `jhi_user` (`id`)
) ENGINE=InnoDB DEFAULT CHARSET=latin1;
/*!40101 SET character_set_client = @saved_cs_client */;

--
-- Dumping data for table `jhi_user_authority`
--

LOCK TABLES `jhi_user_authority` WRITE;
/*!40000 ALTER TABLE `jhi_user_authority` DISABLE KEYS */;
INSERT INTO `jhi_user_authority` VALUES (3,'ROLE_ADMIN'),(3,'ROLE_USER'),(4,'ROLE_USER');
/*!40000 ALTER TABLE `jhi_user_authority` ENABLE KEYS */;
UNLOCK TABLES;

--
-- Table structure for table `module`
--

DROP TABLE IF EXISTS `module`;
/*!40101 SET @saved_cs_client     = @@character_set_client */;
/*!40101 SET character_set_client = utf8 */;
CREATE TABLE `module` (
  `id` bigint(20) NOT NULL AUTO_INCREMENT,
  `module_code` varchar(255) NOT NULL,
  `module_name` varchar(255) NOT NULL,
  `department_id` bigint(20) NOT NULL,
  PRIMARY KEY (`id`),
  KEY `fk_module_department_id` (`department_id`),
  CONSTRAINT `fk_module_department_id` FOREIGN KEY (`department_id`) REFERENCES `department` (`id`)
) ENGINE=InnoDB AUTO_INCREMENT=2396 DEFAULT CHARSET=latin1;
/*!40101 SET character_set_client = @saved_cs_client */;

--
-- Dumping data for table `module`
--

LOCK TABLES `module` WRITE;
/*!40000 ALTER TABLE `module` DISABLE KEYS */;
INSERT INTO `module` VALUES (1,'HRD1501','Introduction to Human Resource Development',18),(2,'HRM1501','Introduction to Human Resource Management',18),(3,'LRM1501','Introduction to Labour Relations Management',18),(4,'HRD2601','Education, Training and Development Practices',18),(5,'HRD2602','Training and Development Practices',18),(6,'HRM2601','Human Resource Provisioning',18),(7,'HRM2602','Human Resource Maintenance and Retention',18),(8,'HRM2603','Compensation Practices',18),(9,'HRM2604','Performance Management Practices',18),(10,'HRM2605','Human Resource Mngt for Line Managers',18),(11,'LRM2601','Labour Relations Management: Macro',18),(12,'HRD3601','Management of Human Resource Development',18),(13,'HRD3701','Applied Human Resource Development  Comp.',18),(14,'HRD3702','Management of Training and Development ',18),(15,'HRM3701','Applied Human Resource Management Comp.',18),(16,'HRM3702','Mngt of Employee Wellbeing, Health and Safety',18),(17,'HRM3703','Human Resource Information Systems and Tech.',18),(18,'HRM3704','Contemporary Issues in Human Resource Mngt',18),(19,'HRM3705','Compensation Management',18),(20,'HRM3706','Performance Management',18),(21,'LRM3601','Labour Relations Practices',18),(22,'LRM3701','Applied Labour Relations Management Comp.',18),(23,'LRM3702','Labour Relations Management: Micro',18),(24,'HRD4801','Strategic Human Resource Development',18),(25,'HRD4802','Organization Development and Learning in the Context of Human Resource Development',18),(26,'HRD4803','Advanced Human Resource Development',18),(27,'HRM4801','Advanced Human Resource Management',18),(28,'LRM4801','Advanced Labour Relations Management',18),(29,'LRM4802','Collective Bargaining and Negotiation',18),(59,'BSM1501','Business Management IA',17),(60,'EXP1501','Explosives IA',17),(62,'MNG1502','Management IA',17),(63,'TQM1501','Quality Management IA',17),(64,'BSM1602','Business Management IB',17),(65,'EXP1601','Explosives IB',17),(67,'MNG1602','Management IB',17),(68,'TQM1602','Quality Management IB',17),(69,'BSM2601','Business Management IIA',17),(70,'EXP2601','Explosives II',17),(71,'MND2601','Management IIA',17),(72,'MNG2601','General Management',17),(73,'BSM2602','Business Management IIB',17),(74,'MND2602','Management IIB',17),(75,'MNG2602','Contemporary Management Issues',17),(76,'TMA3601','SHE Management IIA',17),(77,'TMA3602','SHE Management IIB',17),(78,'BSM3701','Business Management IIIA',17),(79,'EXL3701','Explosives Industrial Practice IIIA',17),(80,'EXP3701','Explosives IIIA',17),(81,'MND3701','Management IIIA',17),(82,'MNG3701','Strategic Planning IIIA',17),(83,'MNI3701','Global Business Environment',17),(84,'MNN3701','Corporate Citizenship',17),(85,'QLS3701','Quality Management Systems IIIA',17),(86,'BSM3702','Business Management IIIB',17),(87,'EXL3702','Explosives Industrial Practice IIIB',17),(88,'EXP3702','Explosives IIIB',17),(89,'MND3702','Management IIIB',17),(90,'MNG3702','Strategic  Implementation  and Control IIIB',17),(91,'QLS3702','Quality Management Systems IIIB',17),(92,'EXP4801','Explosives IV',17),(93,'INT4801','International Business',17),(94,'MNG4801','Strategic Management',17),(95,'ORG4801','The Mngt of Organizational Change and Renewal',17),(98,'MNB1501','Business Management IA',17),(103,'MNB1601','Business Management IB',17),(133,'IOP1501','Psychological Processes in Work Context',19),(134,'IOP1502','Customer Service in Tourism',19),(135,'IOP1503','Environmental Psychology',19),(136,'IOP1504','Workforce Diversity',19),(137,'IOP1601','Personality in Work Context',19),(138,'IOP2601','Organisational Research Methodology',19),(139,'IOP2602','Organisational Psychology',19),(140,'IOP2603','Ergonomics',19),(141,'IOP2604','Psychological Adjustment in the Work Context',19),(142,'IOP2605','Human Capacity Development',19),(143,'IOP2606','Individual Differences and Work Performance',19),(144,'IOP2607','Workgroup Dynamics and Diversity',19),(145,'IOP2608','Forensic Industrial Psychology',19),(146,'IOP3701','Industrial Psychology Testing and Assessment ',19),(147,'IOP3702','Personnel Psychology: Organisational Entry',19),(148,'IOP3703','Career Psychology',19),(149,'IOP3704','Employment Relations',19),(150,'IOP3705','Organisational Development and Change',19),(151,'IOP3706','Personnel Psychology: Employee Retention',19),(152,'IOP3707','Psychology of Leadership',19),(153,'IOP3708','Investor Psychology',19),(154,'HMEMS80','Research Methodology',19),(155,'IOP4861','Industrial Psychology Assessment',19),(156,'IOP4862','Managerial and Organisational Psychology',19),(157,'IOP4863','Personnel and Career Psychology',19),(158,'IOP4864','Organisation Dev. and Change Approaches',19),(159,'IOP4865','Organisation Development Interventions',19),(160,'IOP4866','Organisation Diagnosis',19),(161,'IOP4867','Change Management',19),(162,'IOP4868','Research Project Report in Organisational Dev.',19),(163,'IOP4869','Consumer Psychology',19),(164,'IOP5961','Organisational Psychology',19),(165,'IOP5962','Personnel Psychology',19),(166,'IOP5963','Career Psychology and Professional Dev.',19),(167,'IOP5964','Psychological Assessment',19),(168,'MNM1501','Personal Selling',20),(169,'MNM1502','Customer Service',20),(170,'MNM1503','Introduction to Marketing',20),(171,'MNM1504','Introduction to Retailing',20),(172,'MNM1505','Introduction to Consumer Behaviour',20),(173,'MNM1506','Introduction to Merchandising',20),(174,'MNM1507','Introduction to Marketing Communication',20),(175,'MNM1520','Fundamentals of Public Relations',20),(176,'MNM1521','Fundamentals of E-Marketing',20),(177,'MNM1522','Fundamentals of Branding',20),(178,'MNM1523','Retail Selling',20),(179,'MNM1524','Retail Store Management',20),(180,'MNM1525','Fundamentals of Retail Buying',20),(181,'MNM2604','Business-to-Business Marketing',20),(182,'MNM2605','Consumer Behaviour',20),(183,'MNM2606','Advertising and Sales Promotion',20),(184,'MNM2607','Public Relations',20),(185,'MNM2608','Product Management',20),(186,'MNM2610','Distribution Management',20),(187,'MNM2611','Promotion Management',20),(188,'MNM2612','E-Commerce In Business',20),(189,'MNM3602','Retail Buying',20),(190,'MNM3603','Retail Planning and Operations',20),(191,'MNM3701','Marketing Planning',20),(192,'MNM3702','Marketing Research',20),(193,'MNM3703','Sales Management',20),(194,'MNM3704','Marketing Project',20),(195,'MNM3705','Marketing Applications',20),(196,'MNM3708','Retail  Management',20),(197,'MNM3709','Strategic Marketing',20),(198,'MNM3710','Brand Management',20),(199,'MNM3711','International Marketing',20),(200,'MNM3712','Customer Relationship Management',20),(201,'MNM3713','Services Marketing',20),(202,'MNM3714','E-Marketing',20),(203,'MNM4801','Contemporary Issues In Marketing',20),(204,'MNM4802','Applied Strategic Marketing',20),(205,'MNM4803','Marketing Metrics',20),(206,'MNM4804','Applied Strategic Retailing',20),(207,'?BAN1501','Banking: Introduction',15),(208,'CRM1501','Credit Management I',15),(209,'ISR1501','Personal Insurance Products and Practice',15),(210,'RSK1501','Risk Management for Bankers',15),(211,'BAN1502','Banking: Fundamental Principles',15),(212,'ISR1502','Commercial Insurance Products and Practice',15),(213,'ISR1503','Personal Insurance Products and Practice',15),(214,'ISR1504','Risk Management',15),(215,'ISR1505','Principles of Life Insurance',15),(216,'BAN2601','Money and Banking',15),(217,'CRM2601','Credit Management II',15),(218,'FIN2601','Financial Management',15),(219,'INV2601','Investments: an Introduction',15),(220,'RSK2601','Enterprise Risk Management',15),(221,'BAN2602','Banking : Introduction to Treasury Management',15),(222,'FIN2602','Personal Financial Management',15),(223,'RSK2602','Fundamentals of Operational & Financial Risk',15),(224,'BAN2603','International Finance',15),(225,'FIN2603','Finance for Non-Financial Managers',15),(226,'BAN3701','Banking  III',15),(227,'FIN3701','Financial Management',15),(228,'INV3701','Investments: Equity asset Valuation',15),(229,'RSK3701','Risk Financing and Short Term Insurance',15),(230,'BAN3702','Banking : Treasury Management',15),(231,'FIN3702','Working Capital Management',15),(232,'INV3702','Investments: Fixed Income analysis',15),(233,'RSK3702','Risk Management: Long Term Insurance',15),(234,'INV3703','Investments: Derivatives',15),(235,'BAN4801','Financial Institutions Management',15),(236,'FIN4801','Advanced Financial Management',15),(237,'INV4801','Investments: Portfolio Management',15),(238,'RSK4801','Operational Risk Management',15),(239,'FIN4802','International Financial Management',15),(240,'RSK4802','Governance, Risk Management and Compliance',15),(241,'RSK4803','Risk Financing',15),(242,'RSK4804','Credit Risk Management',15),(243,'RSK4805','Market Risk Management',15),(244,'HRBUS86','Research Project In Financial Management',15),(245,'?PUB1501','The Nature, Content and Scope of Public Admin',22),(246,'PUB1502','Local Government Finance 1',22),(247,'PUB1503','Local Government Functions I',22),(248,'PUB1504','Public Resource Management I',22),(249,'PUB1505','Public Supply Chain Management',22),(250,'PUB1506','Public Office Management I',22),(251,'PUB1507','Public Information Services I',22),(252,'PUB1508','Public Service Delivery I',22),(253,'PUB1509','Public Decision-Making I',22),(254,'PUB1510','Self Management I',22),(255,'PUB1511','Human Settlement Management 1A',22),(256,'PUB1601','The Structuring and Functioning of Public Serv.',22),(257,'PUB1602','Human Settlements Management 1',22),(258,'PUB2601','Foundations of Public Administration',22),(259,'PUB2602','Protection Services',22),(260,'PUB2603','Creation of Wealth',22),(261,'PUB2604','Welfare and Social Services',22),(262,'PUB2605','Culture and Education',22),(263,'PUB2606','Environmental Affairs',22),(264,'PUB2607','Public Financial Management II',22),(265,'PUB2608','Public Financial Control II',22),(266,'PUB2609','Public Human Resource Management IIB',22),(267,'PUB2610','Public Procurement & Logistics Management II',22),(268,'PUB2611','Public Information Practices II',22),(269,'PUB2612','Local Government Finance: Fundamentals IIA',22),(270,'PUB2613','Local Government Finance: Systems IIB',22),(271,'PUB2614','Local Government Management II',22),(272,'PUB2615','Project Management IIA',22),(273,'PUB2617','Project Management IIB',22),(274,'PUB2618','Fundamentals of Public Admin Research II',22),(275,'PUB2619','Public Human Resource Management IIA',22),(276,'PUB2620','Stock and Purchasing Management II',22),(277,'PUB2621','Human Settlement Management IIA',22),(278,'PUB2622','Human Settlement Management IIB',22),(279,'PUB3701','Public Management Skills',22),(280,'PUB3702','Public Human Resource Management',22),(281,'PUB3703','Public Policy',22),(282,'PUB3704','Organisational Studies In the Public Sector',22),(283,'PUB3705','Public Financial Administration and Management',22),(284,'PUB3706','Reflective Public Administration',22),(285,'PUB3707','Ethics In Public Admin and Administrative Justice',22),(286,'PUB3708','Local Government Finance: Control Measures III',22),(287,'PUB3709','Local Government Finance: Functions III',22),(288,'PUB3710','Local Government Management Iii',22),(289,'PUB3711','Approaches to Programme Management III',22),(290,'PUB3712','Aspects of Programme Management III',22),(291,'PUB3713','Stock and Purchasing Management III',22),(292,'PUB3714','Local Government Accounting III',22),(293,'PUB3715','Public Financial and Procurement Mngt IIIA',22),(294,'PUB3716','Public Financial and Procurement Mngt IIIB',22),(295,'PUB3717','Public Human Resource Management III',22),(296,'PUB3718','Management of Information III',22),(297,'PUB3719','Management of Information Systems III',22),(298,'PUB3720','Policy Studies III',22),(299,'PUB3721','Public Management Practice III',22),(300,'PUB3722','Intersectoral Collaboration III',22),(301,'PUB3723','Human Settlement Management IIIA',22),(302,'PUB3724','Human Settlement Management IIIB',22),(303,'HRPUB83','Research Project: Public Administration',22),(304,'PUB4860','Public Human Resource Management',22),(305,'PUB4861','Public Financial Management',22),(306,'PUB4862','Governmental Planning and Policy  Analysis In the Public Sector',22),(307,'PUB4863','Study of Organisations and the Public Sector',22),(308,'PUB4865','Management and the Public Sector',22),(309,'PUB4867','Strategic Public Management',22),(310,'PUB4868','Strategic Human Resource',22),(311,'PUB4869','Public Policy Management Iv ',22),(312,'PUB4870','Public Financial Accountability',22),(313,'PUB4871','Reflective Public Administration',22),(314,'PUB5970','Policy Studies V',22),(315,'PUB5971','Public Human Resource Management V',22),(316,'PUB5972','Public Leadership',22),(317,'PUB5973','Public Finance Management ',22),(318,'?DTM1501','Travel Operations',21),(319,'SUS1501','Sustainability and Greed',21),(320,'TRT1502','Primary Factors of Tourism',21),(321,'TRT1602','Secondary Factors of Tourism',21),(322,'DTM2601','Hospitality Operations',21),(323,'ETP2601','Entrepreneurial Skills',21),(324,'MNE2601','Introduction to Entrepreneurship and Small Business Management',21),(325,'TRL2601','Transport Management I',21),(326,'TRT2601','Transport for Tourism',21),(327,'MNP2601','Purchasing Management',21),(328,'ETP2602','Human Resource Management for Entrepreneurs',21),(329,'MNP2602','Supply Chain Management',21),(330,'TRL2602','Transport Economics',21),(331,'DTM2603','Tourism Development IIA',21),(332,'TRL2603','Transport Theory',21),(333,'DTM2604','Tourism Development IIB',21),(334,'TRL2604','Integrated Logistics',21),(335,'DTM2605','Cultural Tourism I',21),(336,'DTM3605','Cultural Tourism II',21),(337,'DTM3609','Tourism in a Practical Work Context III',21),(338,'DTM3701','Business Tourism',21),(339,'ETP3701','Entrepreneurship IIIA',21),(340,'MNE3701','Entrepreneurship and Small Business Mngt',21),(341,'MNP3701','Strategic Sourcing',21),(342,'TRL3701','Transport Management II',21),(343,'TRT3701','Hospitality Management',21),(344,'ETP3702','Entrepreneurship IIIB',21),(345,'MNE3702','Corporate Entrepreneurship',21),(346,'MNP3702','Supply Chain Alignment',21),(347,'TRL3702','Transport Planning and Investment',21),(348,'TRT3702','Special Interest Tourism',21),(349,'DTM3703','Tourism Development IIIA',21),(350,'ETP3703','Entrepreneurship Practice III',21),(351,'MNE3703','Technology and Innovation',21),(352,'TRL3703','Air Transport',21),(353,'TRT3703','Tourism Distribution',21),(354,'MNP3703','Supplier Relationship Management',21),(355,'DTM3704','Tourism Development IIIB',21),(356,'TRL3704','Sea Transport',21),(357,'MNE3704','Family Business Management',21),(358,'TRL3705','Rail Transport and Pipelines',21),(359,'TRT3705','Tourism Governance',21),(360,'TRL3706','Road Transport',21),(361,'TRL3707','Logistics Activities',21),(362,'TRL3708','Logistics Systems',21),(363,'TRL3709','Logistics Strategy',21),(364,'SCH4801','Supply Chain Management',21),(365,'TRL4861','Advanced Transport Management',21),(366,'TRL4862','Advanced Transport Planning and Development',21),(367,'TRL4863','Advanced Transport Finance and Marketing',21),(368,'TRL4864','Integrated Logistics Management',21),(369,'TRL4865','Advanced Inventory Management',21),(370,'TRT4803','Advanced E-Travel and E-Tourism',21),(371,'TRT4861','Advanced Strategic Tourism Management',21),(372,'TRT4862','Advanced Tourism Development and Ecotourism',21),(373,'TRT4863','Advanced Business Tourism',21),(374,'TRT4864','Advanced Destination and Marketing Mngt',21),(375,'HRTRE83','Research Report in Transport Economics',21),(376,'HRTRL83','Research Report in Logistics Management',21),(377,'HRTRT83','Research Report in Tourism',21),(378,'?ECS1500','Economics 1500',16),(379,'ECS1501','Economics IA',16),(380,'FEC1501','Understanding the Economy',16),(381,'ECS1601','Economics IB',16),(382,'ECS2601','Microeconomics',16),(383,'ECS2602','Macroeconomics',16),(384,'ECS2603','South African Economic Indicators',16),(385,'ECS2604','Labour Economics',16),(386,'ECS2605','South African Financial System',16),(387,'ECS2606','Environmental Economics',16),(388,'ECS2607','Economics of Tourism',16),(389,'ECS2608','Economic History of the World',16),(390,'ECS2609','Economic History of South Africa',16),(391,'ECS3701','Monetary Economics',16),(392,'ECS3702','International Trade',16),(393,'ECS3703','International Finance',16),(394,'ECS3704','Public Economics',16),(395,'ECS3705  ','History of Economic Thought',16),(396,'ECS3706 ','Econometrics',16),(397,'ECS3707','Development Economics',16),(398,'ECS4861','Advanced macroeconomics',16),(399,'ECS4862','Advanced Microeconomics',16),(400,'ECS4863','Advanced Econometrics',16),(401,'ECS4864','Money, Banking and Financial Markets',16),(402,'ECS4865','Advanced International Economics',16),(403,'ECS4866','Advanced Public Economics',16),(404,'ECS4867','Advanced Development Economics',16),(405,'HRECS83','Research Report in Economics',16),(406,'?QMI1500','Elementary Quantitative Methods',13),(407,'BNU1501','Basic Numeracy',13),(408,'FBN1501','Business Numerical Skills A',13),(409,'FBN1502','Business Numerical Skills B',13),(410,'DSC1520','Quantitative Modelling I',13),(411,'DSC1630','Introductory Financial Mathematics',13),(412,'DSC2602','Rational Decision Making',13),(413,'DSC2604','Financial Modelling',13),(414,'DSC2605','Linear Mathematical Programming',13),(415,'DSC2606','Nonlinear Mathematical Programming',13),(416,'DSC2607','Production Modelling',13),(417,'DSC3702','Optimisation of Resources',13),(418,'DSC3703','Simulation',13),(419,'DSC3704','Models for Strategic Decision-Making',13),(420,'DSC3705 ','Financial Risk Modelling',13),(421,'DSC3706 ','Selected Topics for Operations Research',13),(422,'DSC3707 ','Mathematical Modelling II',13),(423,'DSC4810 ','Research Support Tools',13),(424,'DSC4812 ','Forecasting',13),(425,'DSC4821 ','Stochastic Modelling',13),(426,'DSC4823 ','Discrete Optimisation',13),(427,'DSC4824 ','Introduction to Heuristics',13),(428,'DSC4825 ','Financial Modelling I',13),(429,'DSC4826 ','Financial Modelling II',13),(430,'DSC4830 ','Research Project',13),(431,'?ADB1501','Administrative Management IA ',23),(432,'MNO1501','Safety Management IA',23),(433,'MNO1502','Safety Management IB',23),(434,'ADB1602','Administrative Management IB',23),(435,'ADB2601','Administrative Management IIA',23),(436,'MNO2601','Production and Operations Management',23),(437,'ADB2602','Administrative Management IIB',23),(438,'MNO2602','Quality Management and Techniques',23),(439,'MNO2603','Safety Management IIA',23),(440,'MNO2604','Work Study',23),(441,'MNO2605','Analysis of Safety Incidents',23),(442,'MNO2606','Managing Organisational Safety Culture',23),(443,'MNO2607','Safety Management Systems',23),(444,'MNO2608','Fundamentals of Industrial Hygiene',23),(445,'MNO2609','Quality in Occupational Health & Safety',23),(446,'ADB3701','Administrative Management IIIA',23),(447,'ADB3702','Administrative Management IIIB',23),(448,'ADP3701','Administrative Practice III',23),(449,'MNO3701','Production and Operations Management',23),(450,'PRM3701','Project Management',23),(451,'MNO3703','Total Quality Management',23),(452,'MNO3704','Environmental Management',23),(453,'MNO3705','Safety Management IIIA',23),(454,'MNO3706','Safety Management IIIB',23),(455,'AOM4801','Advanced Operations management',23),(456,'IMA4801','Information Management',23),(457,'PRO4801','Project Management',23),(458,'FAC1500','FAC1500',6),(459,'FAC1501','FAC1501',6),(460,'FAC1502','FAC1502',6),(461,'FAC1503','FAC1503',6),(462,'FAC1601','FAC1601',6),(463,'FAC2601','FAC2601',6),(464,'FAC2602','FAC2602',6),(465,'FAC3701','FAC3701',6),(466,'FAC3702','FAC3702',6),(467,'FAC3703','FAC3703',6),(468,'FAC3704','FAC3704',6),(469,'FAC3761','FAC3761',6),(470,'FAC3762','FAC3762',6),(471,'FAC4865','FAC4865',6),(472,'FAC5963','FAC5963',6),(473,'FAC5964','FAC5964',6),(474,'DLFAC91','DLFAC91',6),(475,'DFFAC91','DFFAC91',6),(476,'TFACC01','TFACC01',6),(477,'TFACT01','TFACT01',6),(478,'TFFAC02','TFFAC02',6),(500,'AIN1501','AIN1501',7),(501,'AIN2601','AIN2601',7),(502,'MAC1501','MAC1501',7),(503,'MAC2601','MAC2601',7),(504,'MAC2602','MAC2602',7),(505,'MAC3701','MAC3701',7),(506,'MAC3702','MAC3702',7),(507,'MAC3703','MAC3703',7),(508,'MAC3761','MAC3761',7),(509,'MAC4863','MAC4863',7),(510,'MAC4865','MAC4865',7),(511,'MAC4866','MAC4866',7),(512,'MAC4867','MAC4867',7),(513,'MAC4868','MAC4868',7),(514,'MAC5962','MAC5962',7),(515,'MAC5963','MAC5963',7),(516,'HRMAC82','HRMAC82',7),(517,'HRMAC83','HRMAC83',7),(518,'DLMAC91','DLMAC91',7),(519,'DFMAC91','DFMAC91',7),(520,'TFMAC02','TFMAC02',7),(521,'CAS1501 (signature module  fully online)','CAS1501 (signature module  fully online)',5),(522,'AUE1501','AUE1501',5),(523,'AUE1601','AUE1601',5),(524,'AUE2601','AUE2601',5),(525,'AUE2602','AUE2602',5),(526,'AUE3701','AUE3701',5),(527,'AUE3702','AUE3702',5),(528,'AUE3761','AUE3761',5),(529,'AUI2601','AUI2601',5),(530,'AUI3701','AUI3701',5),(531,'AUI3702','AUI3702',5),(532,'AUI3703','AUI3703',5),(533,'AUI3704','AUI3704',5),(534,'AUE4801','AUE4801',5),(535,'AUE4863','AUE4863',5),(536,'AUE4864','AUE4864',5),(537,'AUE4866','AUE4866',5),(538,'AUE4868','AUE4868',5),(539,'AUE4869','AUE4869',5),(540,'AUE4870','AUE4870',5),(541,'AUE4871','AUE4871',5),(542,'AUE4872','AUE4872',5),(543,'AUI4861','AUI4861',5),(544,'AUI4862','AUI4862',5),(545,'AUI4863','AUI4863',5),(546,'AUE5962','AUE5962',5),(547,'AUE5963','AUE5963',5),(548,'DLAUE91','DLAUE91',5),(549,'DFAUE91','DFAUE91',5),(550,'TFAUE02','TFAUE02',5),(551,'TAX1501','TAX1501',8),(552,'TAX2601','TAX2601',8),(553,'TAX3701','TAX3701',8),(554,'TAX3702','TAX3702',8),(555,'TAX3703','TAX3703',8),(556,'TAX3704','TAX3704',8),(557,'TAX3705','TAX3705',8),(558,'TAX3761','TAX3761',8),(559,'TAX4863','TAX4863',8),(560,'TAX4864','TAX4864',8),(561,'TAX4865','TAX4865',8),(562,'TAX5962','TAX5962',8),(563,'TAX5963','TAX5963',8),(564,'DLTAX91','DLTAX91',8),(565,'DFTAX91','DFTAX91',8),(566,'TFTAX02','TFTAX02',8),(567,'FAC4861','FAC4861',2),(568,'FAC4862','FAC4862',2),(569,'FAC4863','FAC4863',2),(570,'FAC4864','FAC4864',2),(571,'AUE4861','AUE4861',2),(572,'AUE4862','AUE4862',2),(573,'DLGOV91','Planned Limited Dissertation',2),(574,'DFGOV91','Planned Full Dissertation',2),(575,'TFGOV02','Planned Full Thesis',2),(576,'MAC4861','MAC4861',3),(577,'MAC4862','MAC4862',3),(578,'TAX4861','TAX4861',3),(579,'TAX4862','TAX4862',3),(580,'DLINT91','DLINT91 - Planned Limited Dissertation',3),(581,'DFINT91','DFINT91 - Planned Full Dissertation',3),(582,'TFINT02','TFINT02 - Planned Full Thesis',3),(583,'MPCAS92','MPCAS92',71),(584,'DPCAS02','DPCAS02',71),(585,'BAN1501','Banking: Introduction',15),(586,'PUB1501','The Nature, Content and Scope of Public Admin',22),(588,'DTM1501','Travel Operations',21),(589,'ECS1500','Economics 1500',16),(590,'ECS3705','History of Economic Thought',16),(591,'QMI1500','Elementary Quantitative Methods',13),(592,'ADB1501','Administrative Management IA',23),(593,'SJD1501','SOCIAL DIMENSIONS OF JUSTICE',59),(594,'PEN1501','INTRODUCTION TO FUNDAMENTAL PENOLOGY',59),(595,'PEN1502','CORRECTIONAL SERVICES ADMINISTRATION 1: MODULE 2: INTRODUCTION TO CORRECTIONS SCIENCE.',59),(596,'PEN1503','CORRECTIONAL SKILLS',59),(597,'PEN2601','CORRECTIONAL SERVICES ADMINISTRATION II: MODULE I: FUNDAMENTAL PENOLOGY',59),(598,'PEN2602','CORRECTIONAL SERVICES ADMINISTRATION 2:MODULE 2 : SOCIAL DYNAMICS IN A CORRECTIONAL CENTRE',59),(599,'PEN2603','CORRECTIONAL SERVICES ADMINISTRATION III: MODULE I: COMMUNITY CORRECTIONS',59),(600,'PEN2604','INTRODUCTION TO CORRECTIONAL MANAGEMENT',59),(601,'PEN2605','CORRECTIONAL SERVICES ADMINISTRATION I: MODULE 1: CORRECTIONAL SECURITY',59),(602,'PEN2606','ADMISSION AND RELEASE MECHANISM',59),(603,'PEN2607','ADMINISTRATION OF THE CORRECTIONAL SERVICE ACT',59),(604,'PEN2608','CORRECTION AND CARE',59),(605,'PEN3701','RESTORATIVE JUSTICE IN CORRECTIONS',59),(606,'PEN3703','SPECIAL NEEDS OFFENDERS',59),(607,'PEN3704','UNIT AND CASE MANAGEMENT IN CORRECTIONAL SERVICES',59),(608,'PEN3705','YOUTH CORRECTIONS',59),(609,'PEN3706','CORRECTIONAL SERVICES ADMINISTRATION III: MODULE II: OFFENDER DEVELOPMENT',59),(610,'PEN3707','CORRECTIONAL MANAGEMENT PRINCIPLES',59),(611,'PEN3708','CORRECTIONAL MANAGEMENT CONTROL MECHANISMS',59),(612,'AST441D','STRATEGIC CORRECTIONAL SERVICES MANAGEMENT',59),(613,'CSA4M1C','FUNDAMENTAL INFLUENCE (MODULE A)',59),(614,'CSA4M2C','COMPARATIVE CORRECTIONAL SERVICES SYSTEMS  (MODULE B)',59),(615,'CSM4M1V','CORRECTIONAL SERVICES MANAGEMENT IV (MODULE I)',59),(616,'CSM4M2V','CORRECTIONAL SERVICES MANAGEMENT IV (MODULE II)',59),(617,'PEN4802','APPLIED RESEARCH METHODOLOGY IN PENOLOGY',59),(618,'PEN4803','RESEARCH ARTICLE IN PENOLOGY',59),(671,'CIP2601','GENERAL PRINCIPLES OF CIVIL PROCEDURE',53),(672,'CIP3701','CIVIL PROCEDURE: COURT PROCEEDINGS',53),(673,'CMP2601','LAW OF CRIMINAL PROCEDURE: PRE-TRIAL',53),(674,'CMP3701','LAW OF CRIMINAL PROCEDURE: TRIAL AND POST-TRIAL',53),(675,'CRW1501','INTRODUCTION TO THE GENERAL PRINCIPLES OF CRIMINAL LAW',53),(676,'CRW2601','GENERAL PRINCIPLES OF CRIMINAL LAW',53),(677,'CRW2602','CRIMINAL LAW: SPECIFIC CRIMES',53),(678,'CRW2603','SELECTED TOPICS OF CRIMINAL LAW',53),(679,'EVI3701','EVIDENCE: ADMISSIBILITY OF EVIDENCE',53),(680,'EVI3702','EVIDENCE: THE PRESENTATION AND ASSESSMENT OF EVIDENCE',53),(681,'LCR4801','FORENSIC MEDICINE',53),(682,'LCR4802','MEDICAL LAW',53),(683,'LCR4803','MEDIA LAW',53),(684,'LCR4805','SELECTED PRIVATE AND CRIMINAL LAW PRINCIPLES OF THE INTERNET',53),(685,'CIP2601','GENERAL PRINCIPLES OF CIVIL PROCEDURE',58),(686,'CIP3701','CIVIL PROCEDURE: COURT PROCEEDINGS',58),(687,'CMP2601','LAW OF CRIMINAL PROCEDURE: PRE-TRIAL',58),(688,'CMP3701','LAW OF CRIMINAL PROCEDURE: TRIAL AND POST-TRIAL',58),(689,'CRW1501','INTRODUCTION TO THE GENERAL PRINCIPLES OF CRIMINAL LAW',58),(690,'CRW2601','GENERAL PRINCIPLES OF CRIMINAL LAW',58),(691,'CRW2602','CRIMINAL LAW: SPECIFIC CRIMES',58),(692,'CRW2603','SELECTED TOPICS OF CRIMINAL LAW',58),(693,'EVI3701','EVIDENCE: ADMISSIBILITY OF EVIDENCE',58),(694,'EVI3702','EVIDENCE: THE PRESENTATION AND ASSESSMENT OF EVIDENCE',58),(695,'LCR4801','FORENSIC MEDICINE',58),(696,'LCR4802','MEDICAL LAW',58),(697,'LCR4803','MEDIA LAW',58),(698,'LCR4805','SELECTED PRIVATE AND CRIMINAL LAW PRINCIPLES OF THE INTERNET',58),(699,'BWE1501','BUSINESS PRACTICE AND WORKPLACE ETHICS',54),(700,'FLS1501','THE ORIGINS OF SOUTH AFRICAN LAW',54),(701,'FLS1502','FOUNDATIONS OF SOUTH AFRICAN LAW',54),(702,'HIL3705','HIV/AIDS AND THE LAW',54),(703,'HMLLB80','LLB RESEARCH METHODOLOGY',54),(704,'ILW1501','INTRODUCTION TO LAW',54),(705,'LJU4801','LEGAL PHILOSOPHY',54),(706,'LJU4802','PROFESSIONAL ETHICS',54),(707,'LJU4803','COMPARATIVE LAW',54),(708,'LJU4804','PRIVATE INTERNATIONAL LAW',54),(709,'PAR1501','INTRODUCTION TO PARALEGAL STUDIES',54),(710,'SCL1501','SKILLS COURSE FOR LAW STUDENTS',54),(711,'SCL1502','RESEARCH LITERACY FOR LAW',54),(712,'CLA1501','COMMERCIAL LAW IA',55),(713,'CLA2601','COMMERCIAL LAW IIA',55),(714,'CLA2602','COMMERCIAL LAW IIB',55),(715,'COL3704','CONSUMER LAW',55),(716,'FBE2604','FORMS OF BUSINESS ENTERPRISE',55),(717,'LLW2601','INDIVIDUAL LABOUR LAW',55),(718,'LLW2602','COLLECTIVE LABOUR LAW',55),(719,'LML4801','PATENT AND COPYRIGHT LAW',55),(720,'LML4802','THE LAW OF COMPETITION AND TRADEMARKS',55),(721,'LML4804','TAX LAW',55),(722,'LML4805','INSURANCE LAW',55),(723,'LML4806','COMPANY LAW',55),(724,'LML4807','BANKING LAW AND USAGE',55),(725,'LML4808','SOUTH AFRICAN LAW OF INTERNATIONAL TRADE',55),(726,'LML4810','LEGAL ASPECTS OF ELECTRONIC COMMERCE',55),(727,'LSB2605','LEGAL ASPECTS OF SMALL BUSINESSES',55),(728,'MRL2601','ENTREPRENEURIAL LAW',55),(729,'MRL3701','INSOLVENCY LAW',55),(730,'MRL3702','LABOUR LAW',55),(731,'MRL4801','LAW OF NEGOTIABLE INSTRUMENTS, INTELLECTUAL PROPERTY AND COMPETITION',55),(732,'PAC2602','PARALEGAL ADVICE CENTRE',55),(733,'SSL2601','SOCIAL SECURITY LAW',55),(734,'CRI2601','INTRODUCTION TO CRIME INFORMATION MANAGEMENT SYSTEMS FOR POLICING',60),(735,'CRI3701','CRIME INFORMATION SYSTEMS FOR POLICING',60),(736,'EPP2601','APPLIED COMMUNICATION IN POLICING MODULE I',60),(737,'EPP2602','APPLIED COMMUNICATION IN POLICING MODULE 2',60),(738,'FOR1501','FORENSIC METHODS AND TECHNIQUES',60),(739,'FOR1502','INVESTIGATION OF SELECTED CRIMES AND TRANSGRESSIONS',60),(740,'FOR2601','FORENSIC METHODS AND TECHNIQUES II (MODULE A)',60),(741,'FOR2602','FORENSIC METHODS AND TECHNIQUES II (MODULE B)',60),(742,'FOR2603','INVESTIGATION OF SELECTED CRIMES AND TRANSGRESSIONS (MODULE A)',60),(743,'FOR2605','SCENE OF INCIDENT',60),(744,'FOR2607','FORENSIC CRIME INTELLIGENCE',60),(745,'FOR2608','INFORMATION GATHERING',60),(746,'FOR2609','PRINCIPLES OF EVIDENCE IN FORENSIC INVESTIGATION',60),(747,'FOR3701','FORENSIC METHODS AND TECHNIQUES (MODULE A) (OFFERED FROM 2017)',60),(748,'FOR3702','FORENSIC METHODS AND TECHNIQUES (MODULE B) (OFFERED FROM 2017)',60),(749,'FOR3703','INVESTIGATION OF SELECTED CRIMES AND TRANSGRESSIONS(MODULE A)(OFFERED FROM 2017',60),(750,'FOR3704','INVESTIGATION OF SELECTED CRIMES AND TRANSGRESSIONS 3B',60),(751,'FOR3705','INTELLIGENCE (MODULE A)  (OFFERED FROM 2017)',60),(752,'FOR3706','INTELLIGENCE (MODULE A)  (OFFERED FROM 2017)',60),(753,'IOC401P','INVESTIGATION OF CRIME IV',60),(754,'OVM1501','INVESTIGATIVE PRINCIPLES FOR POLICING IA',60),(755,'OVM1502','INVESTIGATIVE PRINCIPLES FOR POLICING IB',60),(756,'OVM2601','INVESTIGATIVE PRINCIPLES FOR POLICING IIA',60),(757,'OVM2602','INVESTIGATIVE PRINCIPLES FOR POLICING IIB',60),(758,'OVM3701','INVESTIGATIVE PRINCIPLES FOR POLICING IIIA',60),(759,'OVM3702','INVESTIGATIVE PRINCIPLES FOR POLICING IIIB',60),(760,'PLC401P','POLICING IV',60),(761,'POL1501','CRIME PREVENTION FOR POLICING IA',60),(762,'POL1502','CRIME PREVENTION PRINCIPLES FOR POLICING IB',60),(763,'POL2601','CRIME PREVENTION PRINCIPLES FOR POLICING IIA',60),(764,'POL2602','CRIME PREVENTION PRINCIPLES FOR POLICING IIB',60),(765,'POL2603','CRIME PREVENTION PRINCIPLES FOR TRAFFIC POLICING MODULE 1',60),(766,'POL2604','CRIME PREVENTION PRINCIPLES FOR TRAFFIC POLICING MODULE 2',60),(767,'POL3701','CRIME PREVENTION PRINCIPLES FOR POLICING IIIA',60),(768,'POL3702','CRIME PREVENTION PRINCIPLES FOR POLICING IIIB',60),(769,'POL3703','CRIME PREVENTION PRINCIPLES FOR TRAFFIC POLICING III MODULE 1',60),(770,'POL3704','CRIME PREVENTION PRINCIPLES FOR TRAFFIC POLICING III MODULE 2',60),(771,'PRF2601','INTRODUCTION TO PROFESSIONALISM FOR POLICING IIA',60),(772,'PRF2602','INTRODUCTION TO PROFESSIONALISM FOR POLICING IIB',60),(773,'PRF3701','PROFESSIONALISM FOR POLICING IIIA',60),(774,'PRF3702','PROFESSIONALISM FOR POLICING IIIB',60),(775,'LAH3701','LAND AND HOUSING',56),(776,'LPL4801','THE LAW OF SALE AND LEASE',56),(777,'LPL4802','LAW OF DAMAGES',56),(778,'LPL4804','CONVEYANCING',56),(779,'LPL4805','NOTARIAL PRACTICE',56),(780,'PVL1501','LAW OF PERSONS',56),(781,'PVL2601','FAMILY LAW',56),(782,'PVL2602','LAW OF SUCCESSION',56),(783,'PVL3701','LAW OF PROPERTY',56),(784,'PVL3702','LAW OF CONTRACT',56),(785,'PVL3703','LAW OF DELICT',56),(786,'PVL3704','ENRICHMENT LIABILITY AND ESTOPPEL',56),(787,'ADL2601','ADMINISTRATIVE LAW',57),(788,'CPD1501','CITIZENSHIP, PUBLIC PARTICIPATION AND DEMOCRACY',57),(789,'CSL2601','CONSTITUTIONAL LAW',57),(790,'EDL3703','EDUCATION LAW',57),(791,'FUR2601','FUNDAMENTAL RIGHTS',57),(792,'IND2601','AFRICAN CUSTOMARY LAW',57),(793,'IOS2601','INTERPRETATION OF STATUTES',57),(794,'LCP4801','INTERNATIONAL LAW',57),(795,'LCP4802','LEGAL TRANSACTIONS IN INTERNATIONAL LAW',57),(796,'LCP4803','INTERNATIONAL TRANSPORT LAW',57),(797,'LCP4804','ADVANCED INDIGENOUS LAW',57),(798,'LCP4805','ENVIRONMENTAL LAW',57),(799,'LCP4806','ADVANCED CONSTITUTIONAL LAW AND FUNDAMENTAL RIGHTS',57),(800,'LCP4807','INTERNATIONAL HUMAN RIGHTS LAW',57),(801,'LCP4808','WORLD TRADE LAW',57),(802,'LCP4809','EDUCATION LAW',57),(803,'LEG2601','LEGAL ASPECTS OF ENVIRONMENTAL MANAGEMENT',57),(804,'LGL3702','LOCAL GOVERNMENT LAW',57),(805,'PLGL01','Short learning programme in provincial and local government law',57),(806,'PRI3701','Principles of International law',57),(807,'SCRL01A','Short course in Refugee Law and Humanitarian Support',57),(808,'COS1501','Theoretical Computer Science 1',68),(809,'COS1511','Introduction to Programming 1',68),(810,'COS1512','Introduction to Programming 2',68),(811,'COS1521','Computer Systems: Fundamental Concepts',68),(812,'COS2601','Theoretical Computer Science 2',68),(813,'COS2611','Programming: Data Structures',68),(814,'COS2614','Programming: Contemporary Concepts',68),(815,'COS2621','Computer Organisation',68),(816,'COS2626','Computer Networks I',68),(817,'COS2661','Formal Logic 2',68),(818,'COS3701','Theoretical Computer Science 3',68),(819,'COS3712','Computer Graphics',68),(820,'COS3721','Operating Systems and Architecture',68),(821,'COS3751','Techniques of Artificial Intelligence',68),(822,'COS3761','Formal Logic 3',68),(823,'COS4807','Formal Logic (COS407C)',68),(824,'COS4840','Ontologie Engineering',68),(825,'COS4851','Logic-Based Reasoning (COS451G)',68),(826,'COS4852','Machine Learning (COS452H)',68),(827,'COS4861','Natural Language Processing  (COS461J)',68),(828,'COS4892','Formal Program Verification (COS492R)',68),(829,'HPCOS81','Research Methodology and Proposal  (COS462T)',68),(830,'HPCOS82','Research Report Computer Science',68),(831,'INF1505','Introduction to Business Information Systems',69),(832,'INF1511','Visual Programming 1',69),(833,'INF1520','Human-Computer Interaction I',69),(834,'MNI231R','Management Information Systems II',69),(835,'IAD2M1X','Information Administration II (IAD2601)',69),(836,'IAD2M2X','Information Administration II (Practical - IAD2602)',69),(837,'INF2611','Visual Programming II',69),(838,'IAD3M1Y','Information Administration III (Theory - IAD3701)',69),(839,'IAD3M2Y','Information Administration III (Practical - IAD3702)',69),(840,'INF2603','Databases I',69),(841,'INF3703','Databases II',69),(842,'IRM4717','Database Systems',69),(843,'INF3705','Advanced Systems Development',69),(844,'INF3707','Database Design and Implementation',69),(845,'INF3708','Software Project Management',69),(846,'INF3720','Human-Computer Interaction II',69),(847,'INF4817','Software Engineering - INF417N',69),(848,'INF4820','Human-Computer Interaction - INF420H',69),(849,'INF4825','Software Project Management - INF425N',69),(850,'INF4831','Information Security - INF431L',69),(851,'INF4860','E-Learning: Concepts and Principles - INF460R',69),(852,'INF4883','Enterprise Architecture',69),(853,'EUP1501','Ethical Information and Communication Technologies for Development Solutions',70),(854,'EUC1501','End-User Computing (Theory)',70),(855,'ICT1511','Introduction to Programming',70),(856,'ICT1512','Introduction to Interactive Programming',70),(857,'ICT1513','Introduction to Web Design',70),(858,'ICT1521','Introduction to Databases',70),(859,'ICT1531','Workstation Technical Skills',70),(860,'ICT1532','Network Technical Skills',70),(861,'ICT1541','Business Informatics I',70),(862,'ICT2611','Graphical User Interface Programming',70),(863,'ICT2612','Interactive Programming',70),(864,'ICT2613','Internet Programming',70),(865,'ICT2621','Structured Systems Analysis and Design',70),(866,'ICT2622','Object-Oriented Analysis',70),(867,'ICT2631','Operating Systems Practice',70),(868,'ICT2632','Digital Logic',70),(869,'ICT2641','Business Informatics 2A',70),(870,'ICT2642','Business Informatics 2B',70),(871,'ICT3611','Advanced Graphical User Interface Programming',70),(872,'ICT3612','Advanced Internet Programming',70),(873,'ICT3631','Advanced Operating System Practice',70),(874,'ICT3641','Business Informatics 3A',70),(875,'ICT3642','Business Informatics 3B',70),(876,'ICT3713','Information and Communication Technology Project Proposal',70),(877,'ICT3714','Information and Communication Technology Project Implementation',70),(878,'ICT3722','Database Practice',70),(879,'CPS401l','Computer Security IV',70),(880,'DEV401I','Advanced Development Software IV',70),(881,'DBS401I','Database Systems IV',70),(882,'CMN401E','Computer Networks IV',70),(883,'INT401I','Information and Technology Management IV',70),(884,'OPS401I','Operating Systems IV',70),(885,'PRJ4M1I','Project IV: Practical Project',70),(886,'PRJ4M2I','Project IV: Research Script',70),(887,'RIT4801','Research in Information Technology',70),(888,'SED401I','Software Engineering and Design IV',70),(889,'CHE1500','INTRODUCTORY CHEMISTRY',61),(890,'CHE1501','GENERAL CHEMISTRY IA',61),(891,'CHE1502','GENERAL CHEMISTRY IB',61),(892,'CHE1503','CHEMISTRY I (PRACTICAL)',61),(893,'CHE181T','CHEMISTRY I (THEORY)',61),(894,'CHE2611','INORGANIC CHEMISTRY II (THEORY)',61),(895,'CHE2612','PHYSICAL CHEMISTRY II (THEORY)',61),(896,'CHE2613','ORGANIC CHEMISTRY II (THEORY)',61),(897,'CHE2614','ANALYTICAL CHEMISTRY II (THEORY)',61),(898,'CHE2621','INORGANIC CHEMISTRY II (PRACTICAL)',61),(899,'CHE2622','PHYSICAL CHEMISTRY II (PRACTICAL)',61),(900,'CHE2623','ORGANIC CHEMISTRY II (PRACTICAL)',61),(901,'CHE2624','ANALYTICAL CHEMISTRY II (PRACTICAL)',61),(902,'CHE3701','INORGANIC CHEMISTRY III',61),(903,'CHE3702','PHYSICAL CHEMISTRY III',61),(904,'CHE3703','ORGANIC CHEMISTRY III',61),(905,'CHE3704','ANALYTICAL CHEMISTRY III',61),(906,'CHE3721','INORGANIC CHEMISTRY III (PRACTICAL)',61),(907,'CHE3722','PHYSICAL CHEMISTRY III (PRACTICAL)',61),(908,'CHE3723','ORGANIC CHEMISTRY III (PRACTICAL)',61),(909,'CHE3724','ANALYTICAL CHEMISTRY III (PRACTICAL)',61),(910,'INC251U','INORGANIC CHEMISTRY II (THEORY)',61),(911,'ORC221F','ORGANIC CHEMISTRY II (THEORY)',61),(912,'PCH241P','PHYSICAL CHEMISTRY II (THEORY)',61),(913,'XCH1502','GENERAL CHEMISTRY IB (EXTENDED)',61),(914,'XHE1502','GENERAL CHEMISTRY IB (EXTENDED)',61),(915,'XHE1501','GENERAL CHEMISTRY IA',61),(916,'CHE4801','Inorganic Chemistry IV',61),(917,'CHE4802','Physical Chemistry IV',61),(918,'CHE4803','Organic Chemistry IV',61),(919,'CHE4804','Analytical Chemistry IV',61),(920,'CHE4805','Molecular Symmetry',61),(921,'CHE4806','Polymer Chemistry',61),(922,'CHE4807','Environmental Chemistry',61),(923,'CHE4808','Honours Project',61),(924,'APM1513','APPLIED LINEAR ALGEBRA',62),(925,'APM1514','MATHEMATICAL MODELLING',62),(926,'APM1612','MECHANICS II',62),(927,'APM2611','DIFFERENTIAL EQUATIONS',62),(928,'APM2614','APPLIED DYNAMICAL SYSTEMS',62),(929,'APM2616','COMPUTER ALGEBRA',62),(930,'APM3701','PARTIAL DIFFERENTIAL EQUATIONS',62),(931,'APM3711','NUMERICAL METHODS II',62),(932,'APM3712','MECHANICS AND CALCULUS OF VARIATIONS',62),(933,'APM3713','SPECIAL RELATIVITY AND RIEMANNIAN GEOMETRY',62),(934,'AST1534','SPHERICAL ASTRONOMY AND KEPLER ORBITS',62),(935,'AST1631','GENERAL INTRODUCTION TO ASTRONOMY',62),(936,'AST2651','THE STRUCTURE AND EVOLUTION OF STARS',62),(937,'AST2652','THE STRUCTURE AND EVOLUTION OF GALAXIES',62),(938,'COS2633','NUMERICAL METHODS I',62),(939,'MAT1503','LINEAR ALGEBRA',62),(940,'MAT1510 ','PRECALCULUS MATHEMATICS A',62),(941,'MAT1511','PRECALCULUS MATHEMATICS B',62),(942,'MAT1512','CALCULUS A',62),(943,'MAT1581','MATHEMATICS I (ENGINEERING)',62),(944,'MAT1613','CALCULUS B',62),(945,'MAT2611','LINEAR ALGEBRA',62),(946,'MAT2612','INTRODUCTION TO DISCRETE MATHEMATICS',62),(947,'MAT2613','REAL ANALYSIS',62),(948,'MAT2615','CALCULUS IN HIGHER DIMENSIONS',62),(949,'MAT2691','MATHEMATICS II (ENGINEERING)',62),(950,'MAT3700','MATHEMATICS III (ENGINEERING)',62),(951,'MAT3701','LINEAR ALGEBRA',62),(952,'MAT3702','ALGEBRA',62),(953,'MAT3705','COMPLEX ANALYSIS',62),(954,'MAT3706','ORDINARY DIFFERENTIAL EQUATIONS',62),(955,'MAT3707','DISCRETE MATHEMATICS: COMBINATORICS',62),(956,'MAT3711','REAL ANALYSIS',62),(957,'XAT1503','LINEAR ALGEBRA (EXTENDED)',62),(958,'XAT1510 ','PRECALCULUS MATHEMATICS A (EXTENDED)',62),(959,'XAT1511','PRECALCULUS MATHEMATICS B (EXTENDED)',62),(960,'XAT1512 ','CALCULUS A (EXTENDED)',62),(961,'XPM1513','APPLIED LINEAR ALGEBRA (EXTENDED)',62),(962,'XPM1514','MATHEMATICAL MODELLING (EXTENDED)',62),(963,'XST1534','SPHERICAL ASTRONOMY AND KEPLER\'S ORBITS (EXTENDED)',62),(964,'XST1631','GENERAL INTRODUCTION TO ASTRONOMY (EXTENDED)',62),(965,'AST4870 ','Special Topics in Astrophysics',62),(966,'AST4871 ','Special Topics in Astrophysics',62),(967,'AST4872 ','Special Topics in Astrophysics',62),(968,'AST4873 ','Special Topics in Astrophysics',62),(969,'AST4874 ','Special Topics in Astrophysics',62),(970,'AST4875 ','Special Topics in Astrophysics',62),(971,'AST4879 ','Special Topics in Astrophysics',62),(972,'AST4880 ','Galaxies I',62),(973,'AST4884 ','Atomic and Molecular Spectroscopy',62),(974,'AST4883 ','Radiative Processes',62),(975,'HMAST80 ','Research Methods: Astronomy',62),(976,'HRAST81 ','Honours Research Report: Astronomy',62),(977,'APM4801 ','Cosmology',62),(978,'APM4802  ','Continuous Time Stochastic Processes',62),(979,'APM4804 ','Introduction to General Relativity',62),(980,'APM4805 ','Mathematics of Optimization Theory',62),(981,'APM4806 ','Riemannian Geometry and Tensor Calculus',62),(982,'APM4808 ','Numerical Solutions to Partial Differential Equations',62),(983,'APM4809  ','Optimal Control',62),(984,'APM4810 ','An Introduction to the Finite Element Method',62),(985,'APM4811  ','Applied Functional analysis',62),(986,'APM4812 ','Introduction to Mechanics of Fluids',62),(987,'HMAPM80 ','Research Methods in Applied Mathematics',62),(988,'HRAPM81 ','Honours Research Project in Applied Mathematics',62),(989,'HMMAT80 ','Research Methods in Mathematics',62),(990,'HRMAT81','Honours Research Report in Mathematics',62),(991,'MAT4831 ','Measure Theory and Integration  I',62),(992,'MAT4833 ','Group Theory',62),(993,'MAT4834 ','Rings and Fields',62),(994,'MAT4835 ','Set Theory',62),(995,'MAT4836 ','Topology',62),(996,'MAT4837 ','Introduction to Category Theory',62),(997,'MAT4838 ','Category Theory',62),(998,'MAT4841 ','Functional analysis  I',62),(999,'MAT4842 ','Functional analysis  II',62),(1000,'MAT4843 ','Ordinary Differential Equations  I',62),(1001,'MAT4844 ','Ordinary Differential Equations  II',62),(1002,'MAT4845 ','Graph Theory  I',62),(1003,'MAT4846 ','Graph Theory  II',62),(1004,'MAT4847 ','Partial Differential Equations  I',62),(1005,'MAT4848 ','Partial Differential Equations  II',62),(1006,'MAT4857 ','Matrix Theory and Linear Algebra I',62),(1007,'MAT4858 ','Matrix Theory and Linear Algebra II',62),(1008,'AMC1PRA','APPLIED MECHANICS I (PRACTICAL)',63),(1009,'ENP291Q','ENGINEERING PHYSICS II (THEORY)',63),(1010,'ENP2PRA','ENGINEERING PHYSICS II (PRACTICAL)',63),(1011,'FIC181C','PHYSICS I (THEORY)',63),(1012,'FIC1PRA','PHYSICS I (PRACTICAL)',63),(1013,'MCA1PRA','MECHANICS I (PRACTICAL)',63),(1014,'PHY1501','ELEMENTARY MECHANICS',63),(1015,'PHY1502','ELEMENTARY ELECTROMAGNETISME AND HEAT',63),(1016,'PHY1503','PHYSICS PRACTICAL WORK I',63),(1017,'PHY1505','MECHANICS (PHYSICS) (12Cr)',63),(1018,'PHY1506','ELECTROMAGNETISM AND HEAT (PHYSICS)',63),(1019,'PHY1604','MODERN PHYSICS',63),(1020,'PHY2601','CLASSICAL MECHANICS',63),(1021,'PHY2602','ELECTRICITY AND MAGNETISM (PHYSICS)',63),(1022,'PHY2604','PHYSICS PRACTICAL WORK II',63),(1023,'PHY2606','WAVES (PHYSICS)',63),(1024,'PHY3702','QUANTUM PHYSICS',63),(1025,'PHY3703','STATISTICAL AND THERMAL PHYSICS',63),(1026,'PHY3706','PHYSICS PRACTICAL WORK III',63),(1027,'PHY3707','SOLID STATE PHYSICS',63),(1028,'PHY3708','ATOMIC AND NUCLEAR PHYSICS',63),(1029,'PHY3709','COMPUTATIONAL MODELING',63),(1030,'SMI181Q','SCIENCE: MINING I',63),(1031,'XHY1501','ELEMENTARY MECHANICS (EXTENDED)',63),(1032,'XHY1502','ELEMENTARY ELECTROMAGNETISME AND HEAT (EXTENDED)',63),(1033,'XHY1505','MECHANICS (PHYSICS) (EXTENDED)',63),(1034,'XHY1506','ELECTROMAGNETISM AND HEAT (PHYSICS) (EXTENDED)',63),(1035,'XHY1604','XHY1604',63),(1036,'HMPHY80','Physics Honours Research Methods',63),(1037,'HRPHY81','Physics Honours Research Project',63),(1038,'PHY4801','Advanced Mathematical Methods',63),(1039,'PHY4802','Electromagnetism',63),(1040,'PHY4803','Quantum Mechanics I',63),(1041,'PHY4804','Quantum Mechanics II',63),(1042,'PHY4805','Statistical Physics',63),(1043,'PHY4806','Advanced Solid State Physics',63),(1044,'PHY4807','Nuclear Physics',63),(1045,'XTA1501','DESCRIPTIVE STATISTICS AND PROBABILITY (EXTENDED)',64),(1046,'XTA1502','Statistical Inference I (Extended)',64),(1047,'XTA1503','DISTRIBUTION THEORY I (EXTENDED)',64),(1048,'XTA1510','BASIC STATISTICS (EXTENDED)',64),(1049,'XTA1610','INTRODUCTION TO STATISTICS (EXTENDED)',64),(1050,'STA1501','DESCRIPTIVE STATISTICS AND PROBABILITY',64),(1051,'STA1502','STATISTICAL INFERENCE I',64),(1052,'STA1503','DISTRIBUTION THEORY I',64),(1053,'STA1510','BASIC STATISTICS',64),(1054,'STA1610','INTRODUCTION TO STATISTICS',64),(1055,'STA2601','APPLIED STATISTICS II',64),(1056,'STA2602','STATISTICAL INFERENCE II',64),(1057,'STA2603','DISTRIBUTION THEORY II',64),(1058,'STA2604','FORECASTING II',64),(1059,'STA2610','STATISTICAL DISTRIBUTIONS',64),(1060,'STA3701','APPLIED STATISTICS III',64),(1061,'STA3702','STATISTICAL INFERENCE III',64),(1062,'STA3703','DISTRIBUTION THEORY III',64),(1063,'STA3704','TIME SERIES III',64),(1064,'STA3705','SAMPLING TECHNIQUES',64),(1065,'STA3710','MATHEMATICAL TECHNIQUES IN STATISTICS',64),(1066,'STA4801','Matrix Methods in Statistics',64),(1067,'STA4802','Multivariate Distribution Theory',64),(1068,'STA4803','Linear Models',64),(1069,'STA4804','Regression',64),(1070,'STA4805','Research Project in Statistics',64),(1071,'STA4806','Advanced Research Methods in Statistics',64),(1072,'STA4807','Time Series',64),(1073,'STA4808','Survival analysis',64),(1074,'STA4809','Nonparametric Regression',64),(1075,'STA4810','Methods of Multivariate analysis',64),(1076,'STA4811','Probability and Stochastic Processes',64),(1077,'STA4812','Inference',64),(1078,'HRSTA82','STATISTICS HONOURS RESEARCH PROJECT',64),(1079,'AQC4701','Air Quality Control (Chemical) IV',65),(1080,'CEE4701','Chemical Environmental Engineering IV (Project)',65),(1081,'CEM2601','Chemical Engineering Technology II',65),(1082,'CEM311A','Chemical Engineering Technology III (Module A)',65),(1083,'CEM321B','Chemical Engineering Technology III (Module B)',65),(1084,'CEMPRA2','Chemical Engineering Technology II (Practical)',65),(1085,'CEMPRA3 ','Chemical Engineering Technology III (Module A) (Practical)',65),(1086,'CEMPRB3','Chemical Engineering Technology III Module B (Practical)',65),(1087,'CEM4701','Chemical Engineering Technology IV: Fluid Flow (Module A)',65),(1088,'CEM4702','Chemical Engineering Technology IV: Heat And Mass (Module B)',65),(1089,'CEP101E','Chemical Engineering Practice I',65),(1090,'CEP201E','Chemical Engineering Practice II',65),(1091,'CPD3601','Chemical Process Design: Principles III',65),(1092,'CEM4703','Chemical Engineering Technology IV: Unit Operations (Module C)',65),(1093,'CHE4PRA','Chemical Engineering IV (Practical)',65),(1094,'CHP3601','Chemical Plant III (Module A)',65),(1095,'CHP3602','Chemical Plant III (Module B)',65),(1096,'CMC4701','Contract Management: Civil IV',65),(1097,'CMC4702','Contract Management: Civil IV (Project)',65),(1098,'CMD1501','Construction Methods I',65),(1099,'CMT1501','Construction Materials I (Theory)',65),(1100,'CMTPRA1','Construction Materials I (Practical)',65),(1101,'CMT4701','Construction Materials Technology IV',65),(1102,'CMT4702','Construction Materials Technology IV (Project)',65),(1103,'CNT4701','Concrete Technology IV (Theory)',65),(1104,'CNT4702','Concrete Technology IV',65),(1105,'CNTPRA4','Concrete Technology IV (Practical)',65),(1107,'CPD4701','Chemical Process Design IV: Equipment Design (Module A)',65),(1108,'CPD4702','Chemical Process Design IV: Plant Design (Module B)',65),(1109,'CPI2601','Chemical Process Industries II',65),(1110,'DCE1501','Drawing: Chemical Engineering I',65),(1111,'DCM3601','Documentation III (Theory)',65),(1112,'DCM3602','Documentation III (Project)',65),(1113,'DRW1501','Drawing I',65),(1114,'DRW2601','Drawing II',65),(1115,'EEN4701','Environmental Engineering: Civil IV (Module A)',65),(1116,'EEN4702','Environmental Engineering: Civil IV (Module B)',65),(1117,'EEN4703','Environmental Engineering: Civil IV (Module A) Project',65),(1118,'EEN4704','Environmental Engineering: Civil IV (Module B) Project',65),(1119,'FEN4701','Foundation Engineering IV (Theory)',65),(1120,'FEN4702','Foundation Engineering IV (Project)',65),(1121,'GDS4701','Geometric Design IV (Theory)',65),(1122,'GDS4702','Geometric Design IV (Project)',65),(1123,'GTE2601','Geotechnical Engineering II (Theory)',65),(1124,'GTE3601','Geotechnical Engineering III (Theory)',65),(1125,'GTEPRA3','Geotechnical Engineering III (Practical)',65),(1126,'HDG4701','Hydrology IV (Theory)',65),(1127,'HDG4702','Hydrology Iv (Project)',65),(1128,'HDL4701','Hydraulics Iv (Theory)',65),(1129,'HDL4702','Hydraulics Iv (Project)',65),(1130,'IPM101P','Introduction To Pupl And Paper  Making I',65),(1131,'MCL1501','Management: Civil I',65),(1132,'MCL2601','Management: Civil II',65),(1133,'PCE401C','Project: Chemical Engineering IV',65),(1134,'PCI401C','Production Engineerring: Engineering Industry IV ',65),(1135,'PCT3601','Process Control III',65),(1136,'PCT401C','Process Control Iv (Chemical)',65),(1137,'PCY2601','Pulp And Paper Chemistry II',65),(1138,'PCY3601','Pulp And Paper Chemistry III',65),(1139,'PEC2601','Engineering Practice: Civil II',65),(1140,'PEC3601','Engineering Practice: Civil III',65),(1141,'PTL101P','Pulp And Paper Technology I',65),(1142,'PTL2601','Pulp And Paper Technology II',65),(1143,'PTL3601','Pulp And Paper Technology III',65),(1144,'PUP1501','Pulp And Paper Practice I',65),(1145,'PUP2601','Pulp And Paper Practice II',65),(1146,'PUP3601','Pulp And Paper Practice III',65),(1147,'PVT4701','Pavement Technology Iv (Theory)',65),(1148,'PVT4702','Pavement Technology IV (Project)',65),(1149,'RCD3601','Reinforced Concrete And Masonry Design Iii (Theory)',65),(1150,'RCD3602','Reinforced Concrete And Masonry Design Iii (Project)',65),(1151,'RCD4701','Reinforced Concrete Design IV',65),(1152,'RCD4702','Reinforced Concrete Design IV',65),(1153,'RDM4701','Reticulation Design And Management IV (Theory)',65),(1154,'RDM4702','Reticulation Design And Management IV (Project)',65),(1155,'RTE4701','Reactor Technology IV',65),(1156,'SAN2601','Structural Analysis II',65),(1157,'SAN3601','Structural Analysis III',65),(1158,'SAN4701','Structural Analysis IV',65),(1159,'SMD4701','Structural Masonry Design IV (Theory)',65),(1160,'SMD4702','Structural Masonry Design IV (Project)',65),(1161,'SNS4701','Social Environmental Studies: Civil IV',65),(1162,'SNS4702','Social Environmental Studies: Civil IV: Module B: Theory',65),(1163,'SNS4703','Social Environmental Studies: Civil IV (Module B) Project',65),(1164,'SNS4PJA','Social Environmental Studies: Civil IV (Module A) Project',65),(1165,'SRC2601','Surveying: Civil II (Theory)',65),(1166,'SRCPRA2','Surveying: Civil II (Practical)',65),(1167,'SRV1501','Surveying I (Theory)',65),(1168,'SRVPRA1','Surveying I (Practical)',65),(1169,'SSD3601','Structural Steel And Timber Design III (Theory)',65),(1171,'SSD4701','Structural Steel Design IV (Theory)',65),(1172,'SSD4702','Structural Steel Design IV (Project)',65),(1173,'SWM4701','Solid Waste Management IV (Theory)',65),(1174,'SWM4702','Solid Waste Management IV (Project)',65),(1175,'SWT4701','Solid Waste Treatment (Chemical) IV',65),(1176,'TDA3601','Thermodynamics',65),(1177,'TDC3601','Thermodynamics',65),(1178,'TPE2601','Transportation Engineering II (Theory)',65),(1179,'TPE2602','Transportation Engineering II (Project)',65),(1180,'TPE3601','Transportation Engineering III (Theory)',65),(1181,'TST2601','Theory Of Structures II (Theory)',65),(1182,'TSTPRA2','Theory Of Structures II (Practical)',65),(1183,'TST4701C','Theory  Of Structures IV',65),(1184,'UPD4701','Urban Planning And Design IV (Theory)',65),(1185,'UPD4702','Urban Planning And Design IV (Project)',65),(1186,'WEN2601','Water Engineering II (Theory)',65),(1187,'WEN3601','Water Engineering III (Theory)',65),(1188,'WTC4701','Water Treatment (Chemical) IV',65),(1189,'WTT4701','Water Treatment Technology IV',65),(1190,'WTT4702','Water Treatment Technology IV (Project)',65),(1191,'WWT4701','Waste Water Treatment Technology IV (Theory)',65),(1192,'WWT4702','Waste Water Treatment Technology IV (Proj)',65),(1196,'BSY1015','Biosystems I',67),(1197,'CAN4701 ','Circuit Analysis IV - Theory',67),(1198,'CSY3601','Control Systems III - Theory',67),(1199,'CET401J ','Clinical Engineering Technology',67),(1200,'CSY4701','Control Systems IV - Theory',67),(1201,'DIG1501','Digital Systems I - Theory',67),(1202,'DIG2601','Digital Systems II - Theory',67),(1203,'DIG3601','Digital Systems III - Theory',67),(1204,'DCS401E','Digital Control Systems IV',67),(1205,'DSP4701','Digital Signal processing IV Theory',67),(1206,'ECM2601','Electronic Communication II - Theory ',67),(1207,'ECM4701','Electronic Communication IV - Theory',67),(1208,'ELD3601','Electrical Distribution III - Theory',67),(1209,'ELE1501','Electrical Engineering I - Theory',67),(1210,'ELE2601','Electrical Engineering II - Theory',67),(1211,'ELE3601','Electrical Engineering III- Theory',67),(1212,'EMM2601','Electrical Machines II - Theory',67),(1213,'EMM3601','Electrical Machines III- Theory',67),(1214,'EMM4701','Electrical Machines IV- Theory',67),(1215,'ELM3601','Electrical Protection III - Theory ',67),(1216,'ECT1501','Electronics I- Theory',67),(1217,'ECT2601','Electronics II- Theory',67),(1218,'ECT3601 ','Electronics III- Theory',67),(1219,'ECT4701','Electronics IV - Theory',67),(1220,'EKM341X','Electronic Measurements III - Theory',67),(1221,'HVE4701','High Voltage Engineering IV - Theory',67),(1222,'INE2601','Industrial Electronics II Theory',67),(1223,'MTR3601','Metrology III - Theory',67),(1224,'MEQ3601','Medical Equipment IIIA - Theory',67),(1225,'MEQ3602','Medical Equipment IIIB - Theory',67),(1226,'MEQ4701','Medical Equipment IVA - Theory',67),(1227,'MCE3601','Microwave Communication III - Theory',67),(1228,'MWE4701','Microwave Engineering IV - Theory',67),(1229,'OPE4701','Opto-Electronics IV - Theory',67),(1230,'PCE3601','Power Electronics III - Theory',67),(1231,'PCE4701','Power Electronics IV - Theory',67),(1232,'PSY4701','Power Systems IV - Theory',67),(1233,'PRI1501','Process Instrumentation I - Theory ',67),(1234,'PRI2601','Process Instrumentation II - Theory',67),(1235,'PRI3601','Process Instrumentation III - Theory',67),(1236,'PRI4701','Process Instrumentation IV - Theory',67),(1237,'PRT4701','Protection Technology IV - Theory',67),(1238,'RAE3601','Radio Engineering III - Theory',67),(1239,'RAE4701','Radio Engineering IV - Theory',67),(1240,'SCM4701','Satellite Communications IV- Theory',67),(1241,'CANPRA4','Circuit Analysis IV - Practical',67),(1242,'CSYPRA3','Control Systems III - Practical',67),(1243,'CSYPRA4','Control Systems IV - Practical ',67),(1244,'DIGPRA1','Digital Systems I - Practical ',67),(1245,'DIGPRA2','Digital Systems II - Practical ',67),(1246,'DIGPRA3','Digital Systems III - Practical',67),(1247,'DSPPRA4','Digital Signal Processing IV - Practical',67),(1248,'ECMPRA2','Electronic Communication II - Practical ',67),(1249,'ECMPRA4','Electronic Communication IV - Practical ',67),(1250,'ELDPRA3','Electrical Distribution III - Practical',67),(1251,'ELEPRA1','Electrical Engineering I - Practical ',67),(1252,'ELEPRA2','Electrical Engineering II - Practical',67),(1253,'ELEPRA3','Electrical Engineering III- Practical',67),(1254,'EMMPRA2','Electrical Machines II - Practical',67),(1255,'EMMPRA3','Electrical Machines III- Practical',67),(1256,'EMMPRA4','Electrical Machines IV- Practical',67),(1257,'ELMPRA3','Electrical Protection III - Practical',67),(1258,'ECTPRA1','Electronics I- Practical ',67),(1259,'ECTPRA2','Electronics II- Practical',67),(1260,'ECTPRA3','Electronics III- Practical',67),(1261,'ECTPRA4','Electronics IV - Practical',67),(1262,'EKM3PRA','Electronic Measurements III - Practical',67),(1263,'HVEPRA4','High Voltage Engineering IV - Practical',67),(1264,'INEPRA2','Industrial Electronics II - Practical',67),(1265,'MEQPRA1','Medical Equipment IIIA - Practical',67),(1266,'MEQPRA2','Medical Equipment IIIB - Practical ',67),(1267,'MEQPRA4','Medical Equipment IVA - Practical ',67),(1268,'MTRPRA3','Metrology III - Practical',67),(1269,'MCEPRA3','Microwave Communication III - Practical',67),(1270,'MWEPRA4','Microwave Engineering IV - Practical',67),(1271,'OPEPRA4','Opto Electronics IV - Practical',67),(1272,'PCEPRA3','Power Electronics III - Practical',67),(1273,'PCEPRA4','Power Electronics IV - Practical',67),(1274,'PSYPRA4','Power Systems IV - Practical',67),(1275,'PRSPRA1','Process Instrumentation I - Practical',67),(1276,'PRSPRA2','Process Instrumentation II - Practical',67),(1277,'PRSPRA3','Process Instrumentation III - Practical',67),(1278,'PRSPRA4','Process Instrumentation IV - Practical',67),(1279,'PRTPRA4','Protection Technology IV - Practical',67),(1280,'RAEPRA3','Radio Engineering III - Practical',67),(1281,'RAEPRA4','Radio Engineering IV - Practical',67),(1283,'SCMPRA4','Satellite Communications IV ? Practical',67),(1284,'DPJ391U','Design Projects III',67),(1285,'IPR4701','Industrial Projects IV',67),(1286,'EPR101E','Experiential Learning I',67),(1287,'EPR201E','Experiential Learning II',67),(1288,'EMA2601','Engineering Managent Module A II',67),(1289,'EMA2602','Engineering Managent Module B II',67),(1290,'EMA3601','Engineering Managent III',67),(1291,'ENM401E','Engineering Managent IV',67),(1292,'GMI3601','Geology: Mining III',67),(1293,'MBE2601','Mineral Beneficiation II',67),(1294,'MEN2601','Mine Engineering II',67),(1295,'MEP171X','Minderal Exploitation I',67),(1296,'MGY2601','Mine Geology II',67),(1297,'MIE3601','Mine Engineering III',67),(1298,'MIN2601','Mining II',67),(1299,'MIN3601','Mining III',67),(1300,'MTS351X','Mine Technical Services III',67),(1301,'MVA231Q','Mine Valuation II',67),(1302,'MVA3601','Mine Valuation III',67),(1303,'SAV2601','Mine Survey and Valuation II',67),(1304,'SAV3601','Mine Survey and Valuation III',67),(1305,'MSG211Q','Mine Survey II',67),(1306,'MSG3601','Mine Survey III',67),(1307,'STG381S','Structural Geology III',67),(1308,'MPR101E','Mine Engineering Practice I',67),(1309,'MPR201E','Mine Engineering Practice II',67),(1310,'MSP101R','Mine Survey Practice I',67),(1311,'MSP242S','Mine Survey Practice II',67),(1312,'MSP352T','Mine Survey Practice III',67),(1313,'MOM2601','Mechanics Of Machines II',66),(1314,'MOM3601','Mechanics Of Machines III',66),(1315,'MOM401M','Mechanics Of Machines IV',66),(1316,'AUC401M','Automatic Control IV',66),(1317,'MOM3602','Theory Of Machines III',66),(1318,'SOM3602','Applied Strength Of Materials III',66),(1319,'STA401M','Stress Analysis IV',66),(1320,'SOM401M','Strength Of Materials IV',66),(1321,'SOM2601','Strength Of Materials II',66),(1322,'MEG101T','Maintenance Engineering I',66),(1323,'MEG291X','Maintenance Engineering II',66),(1324,'SOM3601','Strength Of Materials III',66),(1325,'MMN101M','Maintenance Management',66),(1326,'RAC401M','Refrig. & Airconditioning IV',66),(1327,'THD3602','Steam Plant III',66),(1328,'THD2601','Thermodynamics II',66),(1329,'THD3601','Thermodynamics III',66),(1330,'THD401M','Thermodynamics IV',66),(1331,'ENV301E','Environmental Eng. III',66),(1332,'FMC2601','Fluid Mechanics II',66),(1333,'FMA3601','Fluid Mechanics III',66),(1334,'FMA401M','Fluid Mechanics IV',66),(1335,'FMA3602','Hydraulic Machines III',66),(1336,'MED161Q','Mechan. Eng. Drawing',66),(1337,'MME1501','Mechanical Man.Eng. I',66),(1338,'MME2601','Mechanical Man.Eng. II',66),(1339,'OPERMAN','Operations Management',66),(1340,'MEE231V','Mechanical Eng. Design II',66),(1341,'MEA351A','Mechanical Eng. Design III',66),(1342,'CAD161Q','Computer Aided Draught.',66),(1343,'EDP401M','Design Project IV',66),(1344,'MME3602','Mechanical Man.Eng. III',66),(1345,'TMA401M','Turbo Machines IV',66),(1346,'OPR371S','Operations Research III',66),(1347,'PRDEAPS','Product Design & Process Selection ',66),(1348,'TSTRUTS','The Start-Up Of The System',66),(1349,'EWS381G','Engineering Work Study III',66),(1350,'FLM271S','Fac.Layout & Material Handling II',66),(1351,'QAS221U','Quality Assurance II',66),(1352,'DEFACJO','Design Facility & Jobs',66),(1353,'EWS121Q','Engineering Work Study I',66),(1354,'EWS271L','Engineering Work Study II',66),(1355,'QUT151Z','Quality Techniques I',66),(1356,'IMPRSYS','Improving The System',66),(1357,'QAS401I','Quality Assurance IV',66),(1358,'INY401I','Information Systems IV',66),(1359,'TSYSISS','The System In Steady State ',66),(1360,'PEI191V','Production Engineering I',66),(1361,'PEI281S','Production Engineering II',66),(1362,'LGE401I','Logistics Engineering IV',66),(1363,'PRT401I','Production Technology IV',66),(1364,'ATO331Q','Automation III',66),(1365,'AME1501','Introduction to Agricultural Economics (Theory & Practice)',9),(1366,'AME2601','Agricultural Production Economics (Theory & Practice)',9),(1367,'AME2603','Introduction to Agri-Business Management (Theory & Practice)',9),(1368,'AME2605','Farm Management',9),(1369,'FNS2602','Food Security and Sustainable Livelihoods',9),(1370,'AEX2601','Extension Leadership and Group Dynamics',9),(1371,'AME2701','Agricultural Marketing and Risk Management',9),(1372,'AME2703','Introduction to Agricultural Policy',9),(1373,'AME3701','Agricultural and Rural Development.',9),(1374,'AME3702','Agricultural Resource Economics',9),(1375,'AME3703','Agricultural Policy Analysis',9),(1376,'AME3704','Rural Agricultural Finance ',9),(1377,'AEX3703','Extension Programme Planning and Evaluation ',9),(1378,'AGP3701','Mini Project and Seminar',9),(1379,'HPAGR80','Research Proposal',9),(1380,'AME4801','Agricultural Market Analysis',9),(1381,'AME4802','Agricultural Project Analysis 1B',9),(1382,'AME4803','Agri-business Management',9),(1383,'HRAGR81','Research Report',9),(1384,'ASA1501','Anatomy and Physiology (Theory & Practice)',9),(1385,'ASA1502','Introduction to Animal Science (Theory)',9),(1386,'ASA2601','Advanced Animal Physiology',9),(1387,'ASA2602','Growth Physiology (Theory)',9),(1388,'ASA2603','Principles of Animal Nutrition (Theory)',9),(1389,'ASA2701','Applied Animal Nutrition (Theory & Practice)',9),(1390,'ASP2701','Pasture Management (Theory & Practice)',9),(1391,'ASA2702','Animal Breeding (Theory & Practice)',9),(1392,'ASA3701','Poultry Production (Theory & Practice)',9),(1393,'ASA3702','Pig Production (Theory & Practice)',9),(1394,'ASA3703','Beef Production (Theory & Practice)',9),(1395,'ASA3704','Dairy Production (Theory & Practice)',9),(1396,'ASA3705','Small Stock Production (Theory & Practice)',9),(1398,'ASA4801','Animal Production Physiology',9),(1399,'ASA4802','Advanced Animal Breeding',9),(1400,'ASA4803','Advanced Animal Nutrition',9),(1402,'ASP2602','Plant Production Systems (Theory & Practice)',9),(1403,'SSW2601','Irrigation and Water Management (Theory & Practice)',9),(1404,'SSW2602','Soil Fertility and Plant Nutrition (Theory & Practice)',9),(1405,'ASP2603','Plant Protection',9),(1406,'ASP3701','Plant Genetics and Biotechnology (Theory & Practice)',9),(1407,'ASP3702','Fruit Production (Theory & Practice)',9),(1408,'ASP3703','Field Crop Production (Theory & Practice)',9),(1409,'ASP3704','Post-harvest Technology (Theory & Practice)',9),(1410,'ASP3705','Vegetable Production (Theory & Practice)',9),(1411,'AGB3701','Biometry',9),(1417,'PAH1501','Anatomy and Physiology: Animal Health I',9),(1418,'PAH1502','Anatomy and Physiology: Animal Health II',9),(1419,'ZTG1501','Zootechnology I',9),(1420,'ZTG1502','Zootechnology II',9),(1421,'ANH2601','Animal Health Practice: Laboratory Diagnostics',9),(1422,'ANH2602','Animal Health Practice: Reproduction management',9),(1423,'ANH3703','Animal Health Practice: TB/CA',9),(1424,'VPH3602','Animal Health Practice: Veterinary Public Health',9),(1425,'AND2601','Animal Diseases: Animal Health I',9),(1426,'AND2602','Animal Diseases: Animal Health II',9),(1427,'EPD2601','Epidemiology: Animal Health I',9),(1428,'EPD2602','Epidemiology: Animal Health II',9),(1429,'PHT2601','Pharmacology and Toxicology: Animal Health I',9),(1430,'PHT2602','Pharmacology and Toxicology: Animal Health II',9),(1431,'LDI2601','Laboratory Diagnostics Animal Health I',9),(1432,'VPH3601','Veterinary Public Health',9),(1433,'TLG3601','Legislation Animal Health',9),(1434,'ANH3604','Animal Health Practice Projects (WIL)',9),(1435,'ANH3605','Animal Health Practice Portfolio (WIL)',9),(1436,' AND3701','Animal Diseases III',9),(1437,'AND3702','Animal Diseases IV',9),(1438,'EPD3701','Epidemiology III',9),(1439,'AEX1602','Community Extension Practice',9),(1441,'PNH1501','Pasture and Nutrition Animal Health',9),(1442,'AES1501','Agricultural Management Systems',9),(1443,'AES1502','Agricultural Financial Systems',9),(1444,'PTP1501','Introduction to Plant Production',9),(1445,'PTP1502','Plant Production Systems',9),(1446,'ANP1501','Introduction to Animal Production',9),(1447,'ANP1502','Animal Management',9),(1448,'AGM1501','Agricultural Mechanisation',9),(1450,'AES2601','Agricultural Production Principles ',9),(1451,'AES2602','Agricultural Marketing Principles ',9),(1452,'PTP2601','Plant Pest Management',9),(1453,'PTP2602','Plant Disease Management ',9),(1454,'ANP2601','Livestock Production Systems',9),(1455,'ANP2602','Poultry and Pig Production',9),(1456,'CAA2601','Computer Applications',9),(1457,'PAS2601','Pasture Management',9),(1458,'AGM2601','Irrigation Systems',9),(1459,'AGP2601','Practical Agriculture I (WIL)',9),(1460,'GPM2601','Agriculture Management Practice I (WIL)',9),(1461,'AES3701','Agricultural Financial  Systems 3a',9),(1462,'AES3702','Agricultural Financial  Systems 3b',9),(1465,'GPM3701','Agricultural Management Practice 2 (WIL)',9),(1466,'GPM3702','Agricultural Management Practice 3 (WIL)',9),(1467,'PTP3701','Field Crop and Vegetable Production',9),(1468,'PTP3702','Fruit Production',9),(1469,'ANP3701','Beef and Dairy Production',9),(1470,'ANP3702','Small Stock Production',9),(1471,'EPD4701','Epidemiology 4',9),(1472,'VPH4701','Veterinary Public Health 4',9),(1473,'AND4701','Animal Diseases 4: Non-Controlled',9),(1474,'AND4702','Animal Diseases 4: Controlled',9),(1475,'AES4701','Agricultural and Rural Development',9),(1476,'AES4702','Agricultural Project Analysis',9),(1477,'GGH303Y','Introduction To Gis In Animal Health',9),(1478,'AGP4701','Research Methodology',9),(1479,'AHC4701','Animal Health Care',9),(1480,'AEX4701','Participatory Approaches To Extension',9),(1483,'AES4703','Agricultural Business and Management ',9),(1484,'MNG3701','Strategic Planning 3A',9),(1485,'GGH3708','Environmental Awareness',9),(1486,'AEX 4701','Participatory Approach in Extension',9),(1488,'AGR4701','Mini Agricultural Project and Seminar',9),(1489,'PTP4701','Specialised Crop Production A',9),(1490,'PTP4702','Specialised Crop Production B',9),(1491,'ANP4701','Ruminant Production',9),(1492,'ANP4702','Monogastric Production',9),(1493,'APH1501 ','Anatomy & Physiology ',9),(1494,'ANW1501','Introduction to Animal Welfare',9),(1495,'ANB1501 ','Introduction to Animal Behaviour',9),(1496,'AHH1501','Animal Husbandry and Handling',9),(1497,'AHC1501','Applied Animal Health Care ',9),(1498,'PHC1501','Primary Animal Health Care I',9),(1499,'PHC1502','Primary Animal Health Care II',9),(1500,'AWD1501','Introduction to Animal Diseases',9),(1501,'BCH2601','Introductory Biochemistry',10),(1502,'BCH3701','Enzymology',10),(1503,'BOT2603','Plant Physiology, Water Relations and plant Nutrition',10),(1504,'BOT3701','Plant Physiology',10),(1505,'BOT3702','Aquatic Ecology',10),(1506,'CLO2601','Textile: Fibres',10),(1507,'CSP1501','Introduction to Applied Sciences',10),(1508,'FIS3701','Physiology of the Nervous System',10),(1509,'FIS3702','Cardiovascular System',10),(1510,'FOO2603','Food Production Principles',10),(1511,'GNE2602','General Genetics B',10),(1512,'BCH3703','Molecular Genetics',10),(1513,'BIT3701','Advanced biotechnology',10),(1514,'BIT3702','Molecular cell biology',10),(1515,'BIT3703','Molecular cell signaling',10),(1516,'BIT3705','Industrial Biotechnology',10),(1517,'BIT3706','Environmental biotechnology and bioremediation',10),(1518,'BMI3703','Clinical biochemistry III',10),(1519,'BMI3704','Haematology',10),(1520,'BMI3705','Virology',10),(1521,'BMI3706','Zoonoses',10),(1522,'FIS3703','Membrane and Effector Physiology',10),(1523,'FOO2604','Food Product Development',10),(1524,'FOO2605','Food Product Packaging, Labelling and Merchandising (Theory)',10),(1525,'HPM2601','Food Service Organisation and Management',10),(1526,'HPM2603','Hospitality Industry Regulations',10),(1527,'MIB3702','Advanced Microbial Genetics, Recombinant DNA Technology and Industrial Microbiology',10),(1528,'ZOL2603','Theory of Evolution',10),(1529,'BCH3702','Advanced Metabolism',10),(1530,'BCH2603','Biopolymers of Heredity',10),(1531,'BOT3703','Terrestrial Ecology',10),(1532,'FIS2603','Physiological Defence Mechanisms',10),(1533,'HPM2604','Events Management',10),(1534,'HPS3703','Accommodation Operations',10),(1535,'GNE2601','General Genetics A',10),(1536,'HPS3704','Hospitality Project',10),(1537,'HPM2602','Meal Management',10),(1538,'HPS3702','Front Office Operations',10),(1539,'MIB3703','Microbial Diversity',10),(1540,'CLO2606','Fashion Retail',10),(1541,'HPS2601','Introduction to Housekeeping',10),(1542,'FOO3702','Food and Beverage Service',10),(1543,'FOO3704','Food Preparation for the Hospitality Industry (Theory)',10),(1544,'ANS1501','ANIMAL STUDIES I',11),(1545,'ANS2601','ANIMAL STUDIES II',11),(1547,'ANS3701','ANIMAL STUDIES III',11),(1549,'ASC111A','AGRICULTURAL SOIL SCIENCE I',11),(1550,'BRM4701','Biological research methodology',11),(1551,'BTN001P','FIRST PRACTICAL CONTACT COURSE (NATURE CONSERVATION)',11),(1552,'BTN002P','SECOND PRACTICAL CONTACT COURSE (NATURE CONSERVATION)',11),(1553,'BTN003P','THIRD PRACTICAL CONTACT COURSE',11),(1554,'CEC1501','CONSERVATION ECOLOGY I',11),(1556,'CEC2601','CONSERVATION ECOLOGY II',11),(1558,'CEC3701','CONSERVATION ECOLOGY III',11),(1560,'CIN1501','CONSERVATION INTERPRETATION I',11),(1562,'CIN2601','CONSERVATION INTERPRETATION II',11),(1564,'COA1501','CONSERVATION ADMINISTRATION I',11),(1566,'COC1501','CONTACT COURSE I',11),(1567,'COC2602','CONTACT COURSE II',11),(1569,'COC3601','CONTACT COURSE III',11),(1570,'COC3602','CONTACT COURSE IV',11),(1572,'COC4701','Contact Session I',11),(1573,'COC4702','Contact Session II',11),(1574,'COC4801','CONTACT COURSE I',11),(1575,'CVM111Y','CONSERVATION MANAGEMENT I',11),(1576,'CVM1501','CONSERVATION RESOURCE MANAGEMENT I',11),(1578,'CVM2601','CONSERVATION RESOURCE MANAGEMENT II',11),(1580,'CVM3701','CONSERVATION RESOURCE MANAGEMENT III',11),(1581,'EGE401C','ENVIRONMENTAL MANAGEMENT FOR ENGINEERS: CIVIL IV (THEORY)',11),(1582,'EGE4PJT','ENVIRONMENTAL MANAGEMENT FOR ENGINEERS: CIVIL IV (PROJECT)',11),(1583,'EMC401C','ENVIRONMENTAL MANAGEMENT FOR CHEMICAL ENGINEERING IV',11),(1584,'EMG2601','HORTICULTURAL RESOURCE MANAGEMENT I',11),(1586,'EMG3701','HORTICULTURE RESOURCE MANAGEMENT II',11),(1588,'EMG3702','HORTICULTURAL RESOURCE MANAGEMENT PRACTICE (WIL)',11),(1589,'EMP3701','ECOLOGICAL MANAGEMENT PLAN',11),(1591,'ENL1501','ENVIRONMENTAL LITERACY',11),(1593,'ENS121U','ENVIRONMENTAL STUDIES I',11),(1594,'ENS211V','ENVIRONMENTAL STUDIES II',11),(1595,'ENS2602','ENVIRONMENTAL STUDIES I',11),(1597,'FOC1501','FUNDAMENTALS OF CONSERVATION I',11),(1599,'GEL1501','CRYSTALLOGRAPHY AND MINERALOGY',11),(1601,'GEL1502','CRYSTALLOGRAPHY AND MINERALOGY PRACTICAL',11),(1603,'GEL1503','ENVIRONMENTAL GEOLOGY',11),(1605,'GEL1504','INTRODUCTION TO PETROLOGY AND SOUTH AFRICAN STRATIGRAPHY',11),(1607,'GMT111H','GROWTH MEDIA TECHNOLOGY',11),(1608,'HES4801','EARTH SYSTEMS AND PROCESSES',11),(1609,'HES4802','ENVIRONMENTAL MONITORING',11),(1610,'HES4803','ECOTOXICOLOGY',11),(1611,'HES4806','ENVIRONMENTAL REMOTE SENSING AND MODELLING',11),(1612,'HES4807','CONSERVATION ECOLOGY',11),(1613,'HES4808','ENVIRONMENTAL RISK ASSESSMENT AND MANAGEMENT',11),(1614,'HES4809','INTEGRATED ENVIRONMENTAL MANAGEMENT',11),(1615,'HES4810','IMPACT MITIGATION AND MANAGEMENT',11),(1616,'HES4811','INTEGRATED ENVIRONMENTAL MANAGEMENT SYSTEMS AND AUDITING',11),(1617,'HES4812','ECOLOGICAL AND SOCIAL IMPACT ASSESSMENT',11),(1618,'HESFESY','INTEGRATED ENVIRONMENTAL SYSTEMS AND PROCESSES',11),(1619,'HESRPRX','RESEARCH PROJECT',11),(1620,'HMENV80','RESEARCH METHODOLOGY',11),(1621,'HOR141Z','HORTICULTURE I',11),(1622,'HOR1501','ORNAMENTAL PLANT PROPAGATION',11),(1624,'HOR1503','PLANT GROWING AND CARE',11),(1626,'HOR1504','HORTICULTURE PRACTICAL I',11),(1627,'HOR1604','HORTICULTURAL MECHANISATION I',11),(1629,'HOR2601','NURSERY DESIGN AND LAYOUT',11),(1631,'HOR2602','PLANT GROWTH STRUCTURES',11),(1633,'HOR2603','HORTICULTURAL MECHANISATION I',11),(1635,'HOR2604','HORTICULTURE PRACTICAL II',11),(1636,'HOR2605','HORTICULTURE PRACTICE I (WIL)',11),(1637,'HOR341T','HORTICULTURE III',11),(1638,'HOR3601','ORNAMENTAL CROP PRODUCTION',11),(1640,'HOR3602','PLANT PESTS AND DISEASES',11),(1642,'HOR501M','THESIS (HORTICULTURE)',11),(1643,'HPM311H','HORTICULTURAL PRODUCTION MANAGEMENT III',11),(1644,'HPM411H','HORTICULTURAL PRODUCTION MANAGEMENT IV',11),(1645,'HPT411H','HORTICULTURAL PRODUCTION TECHNOLOGY IV',11),(1646,'HRENV82','ENVIRONMENTAL RESEARCH PROJECT',11),(1647,'HTP101H','HORTICULTURAL PRACTICE I',11),(1648,'HTP201H','HORTICULTURAL PRACTICE II',11),(1649,'LDS1501','LANDSCAPE MAINTENANCE',11),(1651,'LDS2601','INTRODUCTORY LANDSCAPE DESIGN TECHNIQUES',11),(1653,'LDS3601','LANDSCAPE CONSTRUCTION AND INSTALLATION',11),(1655,'LDS3701','ADVANCED LANDSCAPE DESIGN TECHNIQUES',11),(1657,'LDS3702','LANDSCAPE DESIGN PRACTICAL',11),(1658,'LDS3703','LANDSCAPE DESIGN PRACTICE ( WIL )',11),(1659,'MPENV90','MASTER PROPOSAL - DEPARTMENT OF ENVIRONMENTAL SCIENCES',11),(1660,'NAT4801','CONSERVATION BIOLOGY',11),(1661,'NAT4802','FRESHWATER MANAGEMENT',11),(1662,'NAT4803','Wildlife Welfare',11),(1663,'NAT4804','INTEGRATED NATURAL RESOURCE MANAGEMENT',11),(1664,'NAT4805','CONSERVATION IN THE FACE OF CLIMATE CHANGE',11),(1665,'NAT4806','ENVIRONMENTAL EDUCATION IN CONSERVATION',11),(1666,'NCA2603','NATURE CONSERVATION APPLICATION IA',11),(1667,'NCA2604','NATURE CONSERVATION APPLICATION IB',11),(1668,'NCA2605','NATURE CONSERVATION APPLICATION IIA',11),(1669,'NCA2606','NATURE CONSERVATION APPLICATION IIB',11),(1670,'NCA3601','NATURE CONSERVATION APPLICATION IIIA',11),(1671,'NCA3602','NATURE CONSERVATION APPLICATION IIIB',11),(1672,'NCP101N','NATURE CONSERVATION APPLICATION I',11),(1673,'NCP201N','NATURE CONSERVATION APPLICATION II',11),(1674,'PMS131X','PLANT MATERIAL STUDIES I',11),(1675,'PMS1501','ORNAMENTAL PLANT USE I',11),(1677,'PMS2601','ORNAMENTAL PLANT USE II',11),(1679,'PMS2602','ORNAMENTAL PLANT USE III',11),(1681,'PMS311Z','PLANT MATERIAL STUDIES III',11),(1682,'PMS3601','ORNAMENTAL PLANT USE PRACTICE (WIL)',11),(1683,'PPN211H','PLANT PROTECTION II',11),(1684,'PRA001G','BEGINNERS PRACTICAL COURSE (GAUTENG)',11),(1685,'PRA001K','BEGINNERS PRACTICAL COURSE (KWAZULU NATAL)',11),(1686,'PRA001W','BEGINNERS PRACTICAL COURSE (WESTERN CAPE)  (workshop dependent on student numbers)',11),(1687,'PRA002G','ADVANCED PRACTICAL COURSE (GAUTENG)',11),(1688,'PRA002K','ADVANCED PRACTICAL COURSE (KWAZULU NATAL)',11),(1689,'PRA002W','ADVANCED PRACTICAL COURSE (WESTERN CAPE)  (workshop dependent on student numbers)',11),(1690,'PRO101N','RESEARCH PROJECT  (NATURE CONSERVATION)',11),(1691,'PSO1501','PLANT STUDIES I',11),(1693,'PSO2601','PLANT STUDIES II',11),(1695,'PSO3701','PLANT STUDIES III',11),(1696,'PSO411Z','PLANT STUDIES IV (MODULE A)',11),(1697,'PSO421Y','PLANT STUDIES IV (MODULE B)',11),(1698,'PST4701','Plant  Studies IV',11),(1699,'RMM451U','RESOURCE MANAGEMENT IV (MODULE A)',11),(1700,'RMM461T','RESOURCE MANAGEMENT IV (MODULE B)',11),(1701,'RMM4701','Resource  Management IV',11),(1702,'RMY101Q','RESEARCH METHODOLOGY',11),(1703,'RNA4701','Research Project',11),(1704,'RPN501M','RESEARCH PROJECT (NATURE CONSERVATION)',11),(1705,'SEM171N','SEMINAR (NATURE CONSERVATION)',11),(1706,'SIT001G','SITE PLANNING WORKSHOP (GAUTENG)',11),(1707,'SIT001K','SITE PLANNING WORKSHOP (KWAZULU NATAL)',11),(1708,'SIT001W','SITE PLANNING WORKSHOP (WESTERN CAPE)',11),(1709,'SIT141R','SITE PLANNING I',11),(1710,'SSC1501','SOIL SCIENCE I',11),(1712,'SSC2601','SOIL PEDOLOGY AND CLASSIFICATION II',11),(1714,'SSW101D','AGRICULTURAL METEOROLOGY AND ECOZONES',11),(1716,'SSW102E','SOIL CHEMISTRY',11),(1718,'SSW103F','PEDOLOGY AND SOIL CLASSIFICATION',11),(1720,'TFENM01','PHD - ENVIRONMENTAL MANAGEMENT',11),(1721,'TFENM02','D LITT ET PHIL (ENVIRONMENTAL MANAGEMENT)',11),(1722,'TFENS01','PHD - ENVIRONMENTAL SCIENCE',11),(1723,'TFENS02','D LITT ET PHIL (ENVIRONMENTAL SCIENCE)',11),(1724,'TGC111L','TURFGRASS CULTURE I',11),(1725,'XDS1501','LANDSCAPE MAINTENANCE (EXTENDED)',11),(1726,'XEC1501','CONSERVATION ECOLOGY I (EXTENDED)',11),(1727,'XIN1501','CONSERVATION INTERPRETATION I (EXTENDED)',11),(1728,'XMS1501','ORNAMENTAL PLANT USE I (EXTENDED) )',11),(1729,'XNS1501','ANIMAL STUDIES I (EXTENDED)',11),(1730,'XOA1501','CONSERVATION ADMINISTRATION I (EXTENDED)',11),(1731,'XOC1501','FUNDAMENTALS OF CONSERVATION I (EXTENDED',11),(1732,'XOR1501','ORNAMENTAL PLANT PROPAGATION (EXTENDED)',11),(1733,'XOR1503','PLANT GROWING AND CARE (EXTENDED)',11),(1734,'XSC1501','SOIL SCIENCE I (EXTENDED)',11),(1735,'XSO1501','PLANT STUDIES I (EXTENDED)',11),(1736,'XVM1501','CONSERVATION RESOURCE MANAGEMENT I (EXTENDED)',11),(1737,'GGH1501','GGH1501',12),(1738,'GGH1502','GGH1502',12),(1739,'GGH1503','GGH1503',12),(1740,'GGH2601','GGH2601',12),(1741,'GGH2602','GGH2602',12),(1742,'GGH2603','GGH2603',12),(1743,'GGH2604','GGH2604',12),(1744,'GGH2605','GGH2605',12),(1745,'GGH3701','GGH3701',12),(1746,'GGH3702','GGH3702',12),(1747,'GGH3703','GGH3703',12),(1748,'GGH3704','GGH3704',12),(1749,'GGH3705','GGH3705',12),(1750,'GGH3707','GGH3707',12),(1751,'GGH3708','GGH3708',12),(1752,'GGH4801','GGH4801',12),(1753,'GGH4802','GGH4802',12),(1754,'GGH4803','GGH4803',12),(1755,'HPGGH80','HPGGH80',12),(1756,'HRGGH81','HRGGH81',12),(1757,'HRGGH82','HRGGH82',12),(1758,'APY1501','The anthropological study of culture in a multicultural context ',41),(1759,'APY1502','To be developed',41),(1760,'APY2601','Anthropological theory In practice',41),(1761,'APY2602','Anthropology and health care',41),(1762,'APY2613','Anthropology in an African Context',41),(1763,'APY3701','Qualitative research methodology: The anthropological Strategy',41),(1764,'APY3702','Applied anthropology: Contemporary human issues and the practice of anthropology',41),(1765,'APY3703','Themes in anthropology: The relevance of ritual',41),(1766,'APY3704','Themes in anthropology: Tourism and pilgrimage',41),(1767,'APY3705','Sociocultural solutions to problems of human adaptation',41),(1768,'AGE1501','Introduction to Archaeology',41),(1769,'AGE1502','The Archaeology of Southern Africa',41),(1770,'AGE2601','Archaeological Fieldwork Techniques and analytical Methods',41),(1771,'AGE2602','African Archaeology',41),(1772,'AGE3701','The Interpretation of Archaeological Data',41),(1773,'AGE3702','Applied Archaeology: Heritage Conservation, Cultural Resource Management and ',41),(1774,'AGE3703','World Prehistory',41),(1775,'AGE3704','Prehistoric Rock Art',41),(1776,'AGE3705','Archaeology and Fossils: the Study of Human Evolution',41),(1777,'APY4801','Anthropological research and writing',41),(1778,'APY4802','African ethnography',41),(1779,'APY4803','General anthropology: Theoretical perspectives',41),(1780,'APY4804','Applied anthropology',41),(1781,'AGE4801','Theory and Interpretation In Archaeology',41),(1782,'AGE4802','Hunter-Gatherers and Herders In Africa',41),(1783,'AGE4803','Early African Farming Communities and Complex Societies',41),(1785,'AGE4804','Historical Archaeology',41),(1786,'AGE4805','Managing Archaeological Heritage',41),(1787,'HRAAR81','Anthropological and Archaeological Research Report',41),(1788,'OTS1501','OTS1501',42),(1789,'OTS2601','OTS2601',42),(1790,'OTS2603','OTS2603',42),(1791,'OTS2604','OTS2604',42),(1792,'OTS3701','OTS3701',42),(1793,'OTS3704','OTS3704',42),(1794,'CGM3702','CGM3702',42),(1795,'ECH1501','ECH1501',42),(1796,'ECH2601','ECH2601',42),(1797,'ECH2602','ECH2602',42),(1798,'ECH2603','ECH2603',42),(1799,'ECH3701','ECH3701',42),(1800,'ECH3702','ECH3702',42),(1801,'ECH3703','ECH3703',42),(1802,'ECH3704','ECH3704',42),(1803,'ECH3705','ECH3705',42),(1804,'SB70084','SB70084 (NT)',42),(1805,'SBH4806','SBH4806 (NT)',42),(1806,'SCR1501','SCR1501 (NT)',42),(1807,'SCR1502','SCR1502 (OT)',42),(1808,'SCR1503','SCR1503 (NT)',42),(1809,'SCR2601','SCR2601 (NT)',42),(1810,'SCR2602','SCR2602 (OT)',42),(1811,'SCR3701','SCR3701 (NT)',42),(1812,'SCR3702','SCR3702 (NT)',42),(1813,'SCR3703','SCR3703 (OT)',42),(1814,'SCR3704','SCR3704 (OT)',42),(1815,'SCR3705','SCR3705 (OT)',42),(1816,'BTH3702','BTH3702 (NT)',42),(1817,'ANH1501','ANH1501',42),(1818,'ANH1502','ANH1502',42),(1819,'GRE1501','GRE1501',42),(1820,'GRE1502','GRE1502',42),(1821,'LAN1501','LAN1501',42),(1822,'LAN1502','LAN1502',42),(1823,'CLS1501','CLS1501',42),(1824,'CLS1502','CLS1502',42),(1825,'CLS2601','CLS2601',42),(1826,'CLS2602','CLS2602',42),(1827,'CLS2603','CLS2603',42),(1828,'CLS3701','CLS3701',42),(1829,'CLS3702','CLS3702',42),(1830,'CLS3704','CLS3704',42),(1831,'CLS3705','CLS3705',42),(1832,'CLS3706','CLS3706',42),(1833,'CLS4801','CLS4801',42),(1834,'CLS4802','CLS4802',42),(1835,'CLS4803','CLS4803',42),(1836,'CLS4804','CLS4804',42),(1837,'HRCWL81','HRCWL81',42),(1838,'AHS1511','AHS1511',42),(1839,'AHS1512','AHS1512',42),(1851,'CLH','CLH',42),(1852,'OTS1502','OTS1502',42),(1853,'OTS2602','OTS2602',42),(1854,'OTS3702','OTS3702',42),(1855,'OTS3703','OTS3703',42),(1856,'OTS3705','OTS3705',42),(1857,'CLH1501','CLH1501',42),(1858,'CLH1502','CLH1502',42),(1859,'CLH2601','CLH2601',42),(1860,'CLH2602','CLH2602',42),(1861,'ATC1601','ATC1601',42),(1862,'ATC1502','ATC1502',42),(1863,'ATC2601','ATC2601',42),(1864,'ATC2602','ATC2602',42),(1865,'ATC2603','ATC2603',42),(1866,'ATC3701','ATC3701',42),(1867,'ATC3702','ATC3702',42),(1868,'ATC3703','ATC3703',42),(1869,'ATC3704','ATC3704',42),(1870,'ATC3705','ATC3705',42),(1891,'HSY1511','HSY1511',44),(1892,'HSY1512','HSY 1512',44),(1893,'HSY2601','HSY 2601',44),(1894,'HSY2602','HSY2602',44),(1895,'HSY2603','HSY2603',44),(1896,'HSY3701','HSY3701',44),(1897,'HSY3702','HSY3702',44),(1898,'HSY3703','HSY3703',44),(1899,'HSY3704','HSY3704',44),(1900,'HSY3705','HSY3705',44),(1901,'HSY4801','HSY4801',44),(1902,'HRHSY82','HRHSY82',44),(1903,'HSY4803','HSY4803',44),(1904,'HSY4804','HSY4804',44),(1905,'HSY4806','HSY4806',44),(1906,'CGM1502','First step in Practical Theology',45),(1907,'CGM2602','Preaching in a context of poverty',45),(1908,'CGM2603','Exploring celebration and worship',45),(1909,'CGM3704','Christian leadership and church management',45),(1910,'PTH4802','Preaching and worship in an African context.',45),(1911,'PTH4803','Religious Education and Christian Ministry',45),(1912,'PLS1501','Introduction to Western Philosophy',45),(1913,'PLS1502','Introduction to African Philosophy',45),(1914,'PLS2601','Critical Reasoning',45),(1915,'PLS2602','African Ethics and Politics',45),(1916,'PLS2607','Philosophy of Science',45),(1917,'PLS3701','Theoretical and Applied Ethics',45),(1918,'PLS3702','Modern Philosophy',45),(1919,'PLS3703','Advanced African Philosophy',45),(1920,'PLS3705','Political Philosophy',45),(1921,'PLS3709','Advanced Western Philosophy',45),(1922,'HPPLS82','Research in Philosophy',45),(1923,'PLS4802','A thorough study of a period in the history of Philosophy',45),(1924,'PLS4803','Trends in contemporary Philosophy',45),(1925,'PLS4804','A thorough study of Philosophy',45),(1926,'HRV1601','HRV1601',45),(1927,'CMM1501','CMM1501',45),(1928,'CMM2601','Women in Society & Church',45),(1929,'CGM2601','Ethics & Spirituality',45),(1930,'CMM3705','Christian moral decision making',45),(1931,'CGM3701','Sexual Ethics',45),(1932,'CMM3703','Christian Social Ethics',45),(1933,'HPTHE81','Approaches to research in Theological Ethics',45),(1934,'THE4801','Comparative or Sexual or Medical Ethics',45),(1935,'THE4802','Social or Environmental Ethics',45),(1936,'THE4803','Feminist/Womanist Ethics or Ethics and Spirituality',45),(1937,'HRTHE85','Research Report in Theological Ethics',45),(1938,'HPCLC81','Research approaches to Christian Leadership',45),(1939,'CLC4801','Exploring the nature and context of Christian Leadership',45),(1940,'CLC4802','Facilitating Christian discipleship and leadership development',45),(1941,'HRCLC85','Research Report in Christian Leadership',45),(1942,'TIC1501','Reflection on Faith',45),(1943,'CGM1501','Invitation to theology',45),(1944,'TIC2601','Faith, church and culture',45),(1945,'TIC2603','Faith, Jesus and social change',45),(1946,'TIC3702','Faith, Philosophy and Science',45),(1947,'CMM3702','God, creation and environmental issues',45),(1948,'TIC3701','Faith, the Spirit and the Future',45),(1949,'STH4802','History of theology',45),(1950,'STH4803','Study of a Doctrine in depth: Creation',45),(1951,'STH4801','Approaches to theology',45),(1952,'HPSTH81','Research  in Systematic theology',45),(1953,'HRSTH85','Research project',45),(1954,'AFL1501','Language through an African Lens',45),(1955,'BTH1501','Invitation to Theology',45),(1956,'MIN1501','Dynamics of Mission',45),(1957,'MIN1502','First steps in an African Practical Theology',45),(1958,'SCR1501','Christian Origins and Early Christian Contexts. Introduction to Early Christian Literature and History',45),(1959,'SCR1502','Introduction to Ancient Israelite Literature, Theology and Archaeology',45),(1960,'SCR1503','The Formation of New Testament Identities: Martyrs, Apologists and Early Church Fathers',45),(1961,'THE1501','Reflections on Faith',45),(1962,'THE1502','Introduction to Ethics',45),(1963,'THE1503','Africa: Cradle of Christianity',45),(1964,'MIN2601','Working with Children and Young People in Communities',45),(1965,'MIN2602','Moving with the People: The Church in Globalised Cities',45),(1966,'MIN2603','Worship and Preaching in Diverse Communities',45),(1967,'MIN2604','Developing Faith and Youth Work',45),(1968,'SCR2601','The Foundations of New Testament Identities: From Letters to Gospels',45),(1969,'SCR2602','Life Orientation and Biblical Interpretation',45),(1970,'SCR2603','Christianity changed the world',45),(1971,'SCR2604','Christianity in South Africa',45),(1972,'THE2601','Faith, Jesus and Social Change',45),(1973,'THE2602','Faith, Church and Culture',45),(1974,'THE2603','Ethics and Spirituality',45),(1975,'MIN2605','Women in Society and Church',45),(1976,'MIN3701','Facilitating Anti-Racism, Healing and Justice',45),(1977,'MIN3702','Together Towards Life: Intercultural and Interreligious Encounters',45),(1978,'MIN3703','Christian Social Ethics',45),(1979,'MIN3704','Organising and Leading Faith Communities in the African context',45),(1980,'MIN3705','Pastoral Care in African contexts',45),(1981,'SCR3701','Legacy of New Testament Identities: The Establishment of Christendom',45),(1982,'SCR3702','New Testament Identities Today: Christian Discourses in the Public Spheres of Contemporary Culture',45),(1983,'SCR3703','Bible, Gender, and Ecology',45),(1984,'SCR3704','Bible, Power, Politics, and Poverty',45),(1985,'SCR3705','Reading the Old Testament to create new religious texts ',45),(1986,'THE3701','Faith, Science and Environment',45),(1987,'THE3702','Faith, the Spirit and the Future',45),(1988,'THE3703','Contemporary Church History: Change Agents and Ecumenism',45),(1989,'THE3704','Sexual Ethics',45),(1990,'THE3705','Church and Society across the Ages',45),(1991,'BTH3701','Integrated Theological Praxis',45),(1992,'BTH3702','Research in Theology',45),(1993,'ARB1501','Elementary Arabic',46),(1994,'ARB2602','Pre?Intermediate Arabic',46),(1995,'ARB2603','Intermediate Arabic',46),(1996,'ARB3704','Advanced Arabic',46),(1997,'ARB3705','Basic Arabic Literary Texts',46),(1998,'ARB3703','Advanced Arabic Literary Texts',46),(1999,'ARB4801','Arabic Grammar and Philology',46),(2000,'ARB4802','Quranic Translation and Commentary',46),(2001,'ARB4803','Further Specialist Arabic Literary Texts',46),(2002,'ICS1501','An Introduction to Islam',46),(2003,'ICS2602','Early History of Islam ? 6th and 9th Centuries',46),(2004,'ICS2603','Foundation Sources of Islam',46),(2005,'ICS2604','Sociocultural Life, Ethics and Education in Islam',46),(2006,'ICS3705','Islamic Politics and Ethics',46),(2007,'ICS3706','Islamic Philosophy, Theology and Mysticism',46),(2008,'ICS3707','Islamic Law and Jurisprudence',46),(2009,'ICS4801','Quranic Sciences',46),(2010,'ICS4802','Hadit Literature and Criticism',46),(2011,'ICS4803','Contemporary Islam',46),(2012,'RST1501','Introduction to Religions of the Worlds',46),(2013,'RST1502','Theory of Religion',46),(2014,'RST2603','New Religious Movements and Cults',46),(2015,'RST26XX','Understanding Religion through',46),(2016,'RST37XX','Religion and Ecology',46),(2018,'RST3708','Post Modern Philosophy and Religion',46),(2019,'RST3709','Religion and Public Life',46),(2021,'SDRELSD','Religion Studies Didactics',46),(2022,'RST48XX','Key Terms for the Study of',46),(2024,'HRS48XX','Research Methodology and Research Proposal',46),(2025,'HRS4804','Religion in Private and Public Life',46),(2026,'HRS4805','Research Article',46),(2027,'DVA1501','Introduction to Development Studies',47),(2028,'DVA1601','Development Problems and Institutions',47),(2029,'DVA2601','Projects and Programmes as Instruments of Development',47),(2030,'DVA2602','Community Development and the Basic Needs Approach',47),(2031,'DVA3701','Development Theories',47),(2032,'DVA3702','Rural and Urban Development',47),(2033,'DVA3703','Development Policy and Strategies',47),(2034,'DVA3704','Development Planning',47),(2035,'DVA3705','Empowerment and Popular Initiatives',47),(2036,'DVA4801','Development Debates and Issues',47),(2037,'DVA4802','Human Security and Development',47),(2038,'DVA4803','Governance and Development',47),(2039,'DVA4804','Sustainable Development: Policy, Practice and Environment',47),(2040,'DVA4805','Gender and Development',47),(2041,'HMDVA81','Research Methodology in Development Studies',47),(2042,'HRDVA82','Research Report in Development Studies',47),(2043,'MPCHS92','Proposal module: Masters',47),(2044,'DPCHS02','Proposal module: PhD',47),(2045,'HMA1501','Planning and organising in health management',48),(2046,'HMA1502','Leading and control in health services management',48),(2047,'HMA2601','Human resource management in health services',48),(2048,'HMA2602','Labour relations in health services',48),(2049,'HMA2603','Health services management practica',48),(2050,'HMA3701','Financial management in health services',48),(2051,'HMA3702','Quality in health service management',48),(2052,'HMA3703','Leadership in health services management',48),(2053,'HMA3704','Contemporary issues in health services',48),(2054,'HSE1501','Contextualisation in health sciences education',48),(2055,'HSE1502','Principles of health sciences education',48),(2056,'HSE2601','Education management in health sciences',48),(2057,'HSE2602','Teaching and assessment in health sciences',48),(2058,'HSE2603','Health sciences education practica',48),(2059,'HSE3701','Cultural diverse education in health sciences',48),(2060,'HSE3702','Contemporary trends in health sciences education',48),(2061,'HSE3703','Developing health sciences curricula: foundations',48),(2062,'HSE3704','Developing health sciences curricula: principles and process',48),(2063,'HSE3705','The caring ethic in health sciences',48),(2064,'CMH1501','Comprehensive primary health care I',48),(2065,'CMH1502','Comprehensive primary health care II',48),(2066,'CMH1503','Health and the environment',48),(2067,'CMH2601','Community health practica',48),(2068,'CMH2602','Health in communities',48),(2069,'CMH3701','Basic epidemiology in health sciences',48),(2070,'NUD260','Nursing dynamics',48),(2071,'PPH4801','Descriptive health measurement',48),(2072,'PPH4802','Analytic health measurement',48),(2073,'PPH4803','Epidemiology of infectious diseases, including HV and Aids',48),(2074,'PPH4804','Introduction to population studies and reproductive health',48),(2075,'PPH4805','Theory and principles of health research',48),(2076,'APC2601','Political Economy of Africa',49),(2077,'IPC2601','International Organisations',49),(2078,'IPC2602','International Political Dynamics',49),(2079,'IPC3701','International Political Theory',49),(2080,'IPC3702','International Political Economy',49),(2081,'IPC3703','Diplomacy',49),(2082,'PLC1501','Politics as Social Activity',49),(2083,'PLC1502','Understanding the State',49),(2084,'PLC2601','Understanding Political Behaviour and Participation',49),(2085,'PLC2602','Politics and Public Policy',49),(2086,'PLC3701','Political Ideas',49),(2087,'PLC3702','Democracy and Other Forms of Regime',49),(2088,'PSC2601','South African Politics',49),(2089,'PSC3701','Contemporary Issues in Politics: Capita Selecta',49),(2090,'PSC3702','Political Conflict and Conflict Resolution',49),(2091,'APC2602','Political Economy of Africa',49),(2092,'IPC1501','Fundamentals of International Politics',49),(2093,'APC3701','The Politics of Southern Africa',49),(2094,'APC1501','Political Evolution of the African State',49),(2095,'APC1502','The Politics of Contemporary Africa',49),(2096,'APC3702','The Politics of East Africa',49),(2097,'IPC1502','South Africa in International Politics',49),(2098,'PLC3703','Political Development and Political Economy',49),(2099,'PSC3703','Political Knowledge',49),(2100,'APC3703','The Politics of West and North Africa',49),(2101,'AIP4801','Integration and Disintegration: African and International Institutions',49),(2102,'APP4801','Comparative Politics: Africa and Beyond',49),(2103,'APC4801','African Political Thought',49),(2104,'IPC4801','South Africa in the International Political Economy',49),(2105,'IPC4802','International Political Theory',49),(2106,'IPC4803','An Advanced Study of Problems Relating to Foreign Policy Analysis',49),(2107,'PLC4801','Theory, Philosophy and Ideology',49),(2108,'PLC4802','Political Dynamics',49),(2109,'PLC4803','South African Political Issues',49),(2110,'PSC4802','Politics in the Twenty-First Century: National, African and International Perspectives',49),(2111,'PSC4803','Conflict, Peace and Security Studies',49),(2112,'HPPSC81','Political Sciences and Research',49),(2113,'HRPSC82','Research Report',49),(2114,'PYC1501','Basic Psychology',50),(2115,'PYC1502','Psychology in Society',50),(2116,'PYC2601','Personality Theories',50),(2117,'PYC2602','Child and Adolescent Developmental',50),(2118,'PYC2603','Adulthood and Maturity',50),(2119,'PYC2604','Community Psychology:  Re-imagining Community',50),(2120,'PYC2605','HIV/Aids Care and Counselling',50),(2121,'PYC2606','Basic Measurement & Questionnaire Design in Psychology',50),(2122,'PYC3701','Social Psychology',50),(2123,'PYC3702','Abnormal Behaviour and Mental Health',50),(2124,'PYC3703','Cognition, Thinking, Memory and Problem Solving',50),(2125,'PYC3704','Psychological Research',50),(2126,'PYC3705','Transformative Counselling Encounters',50),(2127,'PYC3706','Community Psychology:  Intervention Strategies',50),(2128,'SCK1511','Introduction to Social Work and Social Welfare',51),(2129,'SCK1512','Introduction to Social Work as a Profession',51),(2130,'SCK1513','Introduction to the landscape of social work',51),(2131,'SCK2611','The Social Work Helping Process within a  Developmental Approach',51),(2132,'SCK2612','Focus areas and fields of Social Work Practice',51),(2133,'SCK2613','Social Welfare Policy within the South African context',51),(2134,'SCK2614','Social Work Management, Administration, Supervision and Ethics',51),(2135,'SCK2615','Social Work Practice',51),(2136,'SCK3711','Case Work: Theories, Approaches and Models',51),(2137,'SCK3712','Group work: Theories, Approaches and Models',51),(2138,'SCK3713','Community Work: Theories, Approaches and Models',51),(2139,'SCK3714','Child, Youth, Family Care and Related Legislation',51),(2140,'SCK3715','Integrated Social Work Practice',51),(2141,'SCK4810','Social Work Research Report',51),(2142,'SCK4812','Integrated Service Delivery in Social Welfare',51),(2143,'SCK4813','Social Welfare Macro Policy',51),(2144,'SCK4814','Social Work Management, Administration and Supervision',51),(2145,'SCK4815','Advanced Integrated Social Work Practice',51),(2146,'SCK4816','Statutory Work and Report Writing',51),(2147,'SOC1501','Community, society and inequality in a globalised word. Introduction to sociology',52),(2148,'SOC1502','Understanding South Africa: families, education, identities and inequality',52),(2149,'SOC2601','Theories of social change',52),(2150,'SOC2602','Globalisation and social change in South Africa',52),(2151,'SOC2604','Sociology of families and social problems',52),(2152,'SOC3701','Thinking sociologically: research methodology',52),(2153,'SOC3702','Industrial sociology',52),(2154,'SOC3703','Sociology of education ',52),(2155,'SOC3704','Group dynamics',52),(2156,'SOC3705','Theorising modernity: sociological foundations',52),(2157,'EWS2601','Engaging with society ',52),(2158,'RSC2601','Research in the social sciences',52),(2159,'SOSTH1X','Problematising modernity',52),(2160,'SOSTH2Y','Social  change and reconstruction challenges in developing societies',52),(2161,'HMSOC80','Social research methodology in Sociology and HIV/AIDS',52),(2162,'HRSOC81','The Sociology of Work and Social Identity: Research Project',52),(2163,'SB7003V','Designing social programmes in the social sciences',52),(2164,'GEN4802','Gender in context',52),(2165,'HMGEN80','Research methodology in Gender Studies',52),(2166,'SB7002U','Social behaviour aspects of HIV/AIDS',52),(2168,'SB7005X','Social responses to HIV/AIDS',52),(2169,'HRSBH81','Research project in behavioural studies',52),(2171,'SBH4801','Social behaviour aspects of HIV/AIDS',52),(2172,'SBH4803','Designing social programmes in the social sciences',52),(2173,'SBH4805','Social responses to HIV/AIDS',52),(2174,'AFL1501','Language through an African lens',34),(2175,'AFL1502','African Languages and Culture in Practice',34),(2176,'AFL1503','Language And Communication Skills Acquisition In An African Language I.',34),(2177,'AFL1504','Language And Communication Skills Acquisition In An African Language II.',34),(2178,'AFL2601','Communication dynamics in African Languages',34),(2179,'AFL2602','Understanding African management practices as reflected in African languages literature and texts.',34),(2180,'AFL2603','Literature and Society: A perspective on African Languages',34),(2181,'AFL3701','African Languages: The science of language in context.',34),(2182,'AFL3702','Indigenous Knowledge Systems and African  Languages',34),(2183,'AFL3703','An Introduction to language policy and planning in South Africa: The case of African Language',34),(2184,'AFL3704','Language technology, terminology and lexicography',34),(2185,'AFL3705','Creative writing and translation',34),(2186,'AFL4801','Sound Systems',34),(2187,'AFL4802','From Form to Meaning',34),(2188,'AFL4803','Orature in African Languages',34),(2189,'AFL4804','Literary Studies in African Languages',34),(2190,'HRAFL81','Research Report in African Languages',34),(2191,'WLL2601','Cultural diversity in literary contexts',35),(2192,'WLL2602','Film, literature and society',35),(2193,'AFK3703','Taalvariasie en Taalpolitiek/Language variation and language politics',35),(2194,'AFK4804','Sosiolinguistiek/Sociolinguistics',35),(2195,'THL1502','Introduction to Literary Genres',35),(2196,'THL3702','Advanced Drama Theory',35),(2197,'THL3705','Literary Theory in Contexts',35),(2198,'AFK2601','Genre en Tema/Genre and Theme',35),(2199,'TEX3701','Oorredende tekste/Persuasive Texts',35),(2200,'THL2601','Theory of the sign in literature and culture',35),(2201,'THL2603','Theories in Context: Ideology and Discourse',35),(2203,'AFK3702','Komparatisme: tekste in dialoog/Comparatism: Intertextual dialogues',35),(2204,'KSK1601','Introduction to Creative Writing',35),(2205,'KSK2602','Creative writing: Portfolio',35),(2206,'KSK3701','Creative writing: Portfolio',35),(2207,'HMATL80','Research methodology',35),(2208,'MRATL81','Research report',35),(2209,'AFK2602','Afrikaans Grammatika/Afrikaans Grammar',35),(2210,'AFK3701','Kommunikatiewe Scenario?s/Communicative Scenario?s',35),(2211,'AFK3704','Afrikaans sonder grense/ Afrikaans beyond boundaries',35),(2213,'THL3701','Advanced narratology',35),(2214,'AFK1501','Afrikaans Aktueel/ Afrikaans Today',35),(2215,'AFK1503','Afrikaans vandag: Taalkunde en skriftelike kommunikasie/Contemporary Afrikaans: Language and written communication',35),(2217,'THL1501','Introduction to Theory of Literature',35),(2218,'THL3703','Advanced Theory of Poetry',35),(2219,'THL4801','Critical Theory',35),(2220,'THL4802','Theory of Narratology and Poetry',35),(2221,'THL4803','Theory of Drama',35),(2222,'THL3704','Theory and practice of SA literary studies',35),(2223,'TEX2601','Writing skills for the communication industry',35),(2224,'SB70073','Behaviour change communication and HIV/AIDS',35),(2225,'AFK4801','Afrikaans en Nederlandse Prosa/Afrikaans and Dutch Prose',35),(2226,'AFK4802','Afrikaans en Nederlandse Drama/Afrikaans and Dutch Drama',35),(2227,'AFK4803','Afrikaans en Nederlandse Posie/Afrikaans and Dutch Poetry',35),(2228,'AFK1502','Basic text skills',35),(2229,'GAR1501','Drawing',36),(2230,'TWF1501','Painting',36),(2231,'THF1501','Sculpture',36),(2232,'TDM1501','Two Dimensional Imaging',36),(2233,'FRM1501','Form and Motion',36),(2234,'ARH1501','Visual Literacy',36),(2235,'ARH1502','Introduction to Art History',36),(2236,'GAR2601','Graphic Processes',36),(2237,'VAR2601','Visual Arts 1',36),(2238,'VAR2602','Visual Arts 2',36),(2239,'ARH2601','The Arts and Ideology 1',36),(2240,'ARH2602','Introduction to Art History in Africa',36),(2241,'ARH2603','Visual Culture 1',36),(2243,'PAT3701','Professional Art Practice',36),(2244,'VAR3701','Visual Arts 3',36),(2245,'VAR3702','Visual Arts 4',36),(2246,'ARH3701','The Arts and Ideology 2',36),(2247,'ARH3702','The Arts in Africa',36),(2248,'ARH3703','Visual Culture 2',36),(2249,'ARH3704','Modernism and Postmodernism',36),(2250,'PAT4801','Professional Art Practice',36),(2251,'VAR4801','Visual Arts 5',36),(2252,'VAR4802','Visual Arts 6',36),(2253,'HMV4802','Contemporary theories of the arts',36),(2254,'HRHMV81','Research Report on the Arts',36),(2255,'CST1501','Composition models 1: Tonal music',36),(2256,'CST1502','Composition models 2: Modal and tonal counterpoint',36),(2257,'CST1511','Music Theory and Composition I',36),(2258,'MBY1501','Music bibliography',36),(2259,'MHS1501','Introducing music studies',36),(2260,'MHS1502','Exploring world music',36),(2261,'CST2601','Music technology: MIDI',36),(2262,'CST2602','Chromatic harmony',36),(2263,'CST2603','Composition models 4: Music analysis',36),(2264,'MHS2601','Musical entrepreneurship',36),(2265,'MHS2611','Music Business',36),(2266,'MHS2602','Music and society',36),(2267,'MHS2603','Music and patronage',36),(2268,'MHS2604','Music in Vienna',36),(2269,'MHS2605','Jazz studies',36),(2270,'MHS2615','MHS2615',36),(2271,'CST3701','African composition resources',36),(2272,'CST3712','CST3712',36),(2273,'CST3702','Modernist composition resources',36),(2274,'CST3703','Postmodern composition resources',36),(2275,'CST3704','Free  composition',36),(2276,'CST3705','Performing practice',36),(2277,'CST3706','Music technology: Digital audio',36),(2278,'MHS3701','Music in religion',36),(2279,'MHS3702','Opera',36),(2280,'MHS3703','Music and gender',36),(2281,'MHS3704','Music in South Africa',36),(2282,'MHS3705','Sociology of Music',36),(2283,'MHS3711','Sound Production',36),(2284,'MHS3716','Psychology of Music',36),(2285,'MUS4801','Playing with history',36),(2286,'MUS4802','Southern African Encounters in Music',36),(2287,'MUS4803','Research Methodologies for Musicology',36),(2297,'ARH3705','The Arts and the (post)colonial',36),(2298,'ARH411R','Contemporary International Art',36),(2299,'ARH412S','Contemporary S A Arts',36),(2300,'ARH4801','Memory and Identity',36),(2301,'ARH4802','Revising Modernism',36),(2302,'ARH4803','Practice of Art History',36),(2305,'COM2601','Organisational communication theory',37),(2306,'COM2602','Integrated organisational communication ',37),(2307,'COM2604','Media studies: mass communication and media theory',37),(2308,'COM3702','Media studies: policy, management and media representation',37),(2309,'COM3703','Media studies: media content and media audiences',37),(2310,'COM3701','Marketing communication',37),(2311,'COM3708','Advertising and public relations',37),(2312,'COM4805','Integrated communication and the organisation',37),(2313,'COM4806','Organisational communication research',37),(2314,'COM4807','Organisational communication theory',37),(2315,'COM4808','Marketing communication, adveritisng and public relations',37),(2316,'COM4809','Advanced research report',37),(2317,'COM4801','Mass Communication Theory ',37),(2318,'COM4802','Media research',37),(2319,'COM4803','Media management, policy and regulation',37),(2320,'COM4804','International communication and political communication',37),(2322,'GEN4803','Gender and representation',37),(2323,'DPR1501','Introduction to Communication',37),(2324,'DPR1502','Communication in the Organisation',37),(2325,'DPR1503','Introduction to Public Relations',37),(2326,'DPR1504','Stakeholder Relationships',37),(2327,'DPR1505','The Public Relations Programme',37),(2328,'DPR1506','Writing for Public Relations (1)',37),(2329,'DPR1507','Understanding the Media',37),(2330,'DPR2604','Communicating in a Global Context',37),(2331,'DPR2603','Organisational Dynamics',37),(2332,'DPR2602','Communication Theory',37),(2333,'DPR2601','Public Relations Research',37),(2334,'DPR2605','The Applied Public Relations Programme',37),(2335,'DPR2613','Image and Identity',37),(2336,'DPR2606','Writing for Public Relations (2)',37),(2337,'DPR2612','Media Liaison',37),(2338,'DPR3704','Production ? Digital',37),(2339,'DPR3703','Production ? Analogue',37),(2340,'DPR3702','Public Relations in Industry',37),(2341,'DPR3705','Strategic Planning and Advisement',37),(2342,'DPR3701','Publicity',37),(2343,'DPR3711','Work Integrated Learning (WIL',37),(2344,'DPR3706','Issues Management and Social Responsibility',37),(2345,'ARM1501','Introducing Archives and Records Management ',40),(2346,'ARM1502','Managing Records',40),(2347,'ARM1503','Managing Archives',40),(2348,'ARM1504','Preserving Records and Archives',40),(2349,'ARM1505','Electronic Records Management',40),(2350,'HIN4801','Research Methodology in Information Science',40),(2351,'HIN4802','Social Impact of Information and Communication Technologies',40),(2352,'HIN4803','Theory of Information Science',40),(2353,'HRINS81','Research Report in Information Science',40),(2354,'HAI4801','Advanced Information and Knowledge Management',40),(2355,'HAI4802','Information Technology in Organisation and Retrieval',40),(2356,'HAI4803','Advanced Aspects of User Studies and Collection Development',40),(2357,'ARM4801','Information and knowledge governance',40),(2358,'ARM4802','Archival diplomatics and digital forensics',40),(2359,'ARM4803','Data curatorship and data management',40),(2360,'INS4801','Information Users and Use',40),(2361,'INS4802','Management of Knowledge and Information Services',40),(2362,'AIS4801','Resource Description and Access',40),(2363,'AIS4802','ICT Applications in Library and Information Services',40),(2364,'AIS4803','Library and Information practice',40),(2366,'ARM2601','Audio-visual archiving',40),(2367,'ARM2602','Organising records: classifications systems',40),(2368,'ARM2603','Appraisal and disposal archival records',40),(2369,'ARM3701','Legislation and standards in archives and records management',40),(2370,'ARM3702','ICT applications in archives and records management',40),(2371,'ARM3703','Organising archives: arrangement and description ',40),(2372,'ARM3704','Preservation management of archives and records',40),(2373,'ARM3705','Archival programming and advocacy',40),(2374,'AIS1501','Introducing Applied Information Science',40),(2375,'AIS1503','Introducing Information Records and Sources',40),(2376,'AIS2601','Bibliographic control, Basic Descriptive Cataloguing and Classification',40),(2377,'AIS2602','Learning how to provide reference services',40),(2378,'AIS2603','Describing library user groups and meeting their needs',40),(2379,'AIS2604','Utilising electronic  library systems and services  ',40),(2380,'AIS2605','Developing and managing information collections',40),(2381,'AIS3701','Descriptive cataloguing',40),(2382,'AIS3702','Subject organisation',40),(2383,'AIS3703','Serving the user in library and information practice',40),(2384,'AIS3704','Applying research methodology in Information Science',40),(2385,'AIS3705','Practical portfolio',40),(2386,'AIS3706','Information Entrepreneurship',40),(2387,'INS1501','Introduction to Information Science)',40),(2388,'INS1502','Developing Information Skills for Lifelong Learning',40),(2389,'INS2601','Exploring information user studies',40),(2390,'INS2602','Investigating information ethics in the information era',40),(2391,'INS2603','Introducing information management',40),(2392,'INS2701','ICTs for Information Science',40),(2393,'INS3702','Political Economy of Information',40),(2394,'INS3705','Information and Knowledge management',40),(2395,'INS3707','Information Organization and Retrieval',40);
/*!40000 ALTER TABLE `module` ENABLE KEYS */;
UNLOCK TABLES;

--
-- Table structure for table `module_odel_plan`
--

DROP TABLE IF EXISTS `module_odel_plan`;
/*!40101 SET @saved_cs_client     = @@character_set_client */;
/*!40101 SET character_set_client = utf8 */;
CREATE TABLE `module_odel_plan` (
  `id` bigint(20) NOT NULL AUTO_INCREMENT,
  `jhi_year` int(11) NOT NULL,
  `online_exam_year` int(11) DEFAULT NULL,
  `module_id` bigint(20) NOT NULL,
  `pedagogy_type_id` bigint(20) NOT NULL,
  `printing_id` bigint(20) NOT NULL,
  `exam_type_id` bigint(20) NOT NULL,
  PRIMARY KEY (`id`),
  KEY `fk_module_odel_plan_module_id` (`module_id`),
  KEY `fk_module_odel_plan_pedagogy_type_id` (`pedagogy_type_id`),
  KEY `fk_module_odel_plan_printing_id` (`printing_id`),
  KEY `fk_module_odel_plan_exam_type_id` (`exam_type_id`),
  CONSTRAINT `fk_module_odel_plan_exam_type_id` FOREIGN KEY (`exam_type_id`) REFERENCES `exam_type` (`id`),
  CONSTRAINT `fk_module_odel_plan_module_id` FOREIGN KEY (`module_id`) REFERENCES `module` (`id`),
  CONSTRAINT `fk_module_odel_plan_pedagogy_type_id` FOREIGN KEY (`pedagogy_type_id`) REFERENCES `pedagogy_type` (`id`),
  CONSTRAINT `fk_module_odel_plan_printing_id` FOREIGN KEY (`printing_id`) REFERENCES `printing` (`id`)
) ENGINE=InnoDB AUTO_INCREMENT=3614 DEFAULT CHARSET=latin1;
/*!40101 SET character_set_client = @saved_cs_client */;

--
-- Dumping data for table `module_odel_plan`
--

LOCK TABLES `module_odel_plan` WRITE;
/*!40000 ALTER TABLE `module_odel_plan` DISABLE KEYS */;
INSERT INTO `module_odel_plan` VALUES (1,2016,NULL,458,2,4,2),(2,2021,NULL,458,2,4,2),(3,2026,NULL,458,2,4,2),(4,2016,NULL,459,4,1,1),(5,2021,NULL,459,1,1,1),(6,2026,NULL,459,1,1,1),(7,2016,NULL,460,4,1,1),(8,2021,NULL,460,1,1,1),(9,2026,NULL,460,1,1,1),(10,2016,NULL,461,4,1,1),(11,2021,NULL,461,1,1,1),(12,2026,NULL,461,1,1,1),(13,2016,NULL,462,4,1,1),(14,2021,NULL,462,1,1,1),(15,2026,NULL,462,1,1,1),(16,2016,NULL,463,4,1,1),(17,2021,NULL,463,1,1,1),(18,2026,NULL,463,1,1,1),(19,2016,NULL,464,4,1,1),(20,2021,NULL,464,1,1,1),(21,2026,NULL,464,1,1,1),(22,2016,NULL,465,4,1,1),(23,2021,NULL,465,1,1,1),(24,2026,NULL,465,1,1,1),(25,2016,NULL,466,4,1,1),(26,2021,NULL,466,1,1,1),(27,2026,NULL,466,1,1,1),(28,2016,NULL,467,4,1,1),(29,2021,NULL,467,1,1,1),(30,2026,NULL,467,1,1,1),(31,2016,NULL,468,4,1,1),(32,2021,NULL,468,1,1,1),(33,2026,NULL,468,1,1,1),(34,2016,NULL,469,4,1,1),(35,2021,NULL,469,1,1,1),(36,2026,NULL,469,1,1,1),(37,2016,NULL,470,4,1,1),(38,2021,NULL,470,1,1,1),(39,2026,NULL,470,1,1,1),(40,2016,NULL,471,2,4,2),(41,2021,NULL,471,2,4,2),(42,2026,NULL,471,2,4,2),(43,2016,NULL,472,2,4,2),(44,2021,NULL,472,2,4,2),(45,2026,NULL,472,2,4,2),(46,2016,NULL,473,2,4,2),(47,2021,NULL,473,2,4,2),(48,2026,NULL,473,2,4,2),(49,2016,NULL,474,2,4,2),(50,2021,NULL,474,2,4,2),(51,2026,NULL,474,2,4,2),(52,2016,NULL,475,2,4,2),(53,2021,NULL,475,2,4,2),(54,2026,NULL,475,2,4,2),(55,2016,NULL,476,2,4,2),(56,2021,NULL,476,2,4,2),(57,2026,NULL,476,2,4,2),(58,2016,NULL,477,2,4,2),(59,2021,NULL,477,2,4,2),(60,2026,NULL,477,2,4,2),(61,2016,NULL,478,2,4,2),(62,2021,NULL,478,2,4,2),(63,2026,NULL,478,2,4,2),(64,2016,NULL,500,4,1,1),(65,2021,NULL,500,1,1,1),(66,2026,NULL,500,1,1,1),(67,2016,NULL,501,4,1,1),(68,2021,NULL,501,1,1,1),(69,2026,NULL,501,1,1,1),(70,2016,NULL,502,4,1,1),(71,2021,NULL,502,1,1,1),(72,2026,NULL,502,1,1,1),(73,2016,NULL,503,4,1,1),(74,2021,NULL,503,1,1,1),(75,2026,NULL,503,1,1,1),(76,2016,NULL,504,4,1,1),(77,2021,NULL,504,1,1,1),(78,2026,NULL,504,1,1,1),(79,2016,NULL,505,4,1,1),(80,2021,NULL,505,1,1,1),(81,2026,NULL,505,1,1,1),(82,2016,NULL,506,4,1,1),(83,2021,NULL,506,1,1,1),(84,2026,NULL,506,1,1,1),(85,2016,NULL,507,4,1,1),(86,2021,NULL,507,1,1,1),(87,2026,NULL,507,1,1,1),(88,2016,NULL,508,4,1,1),(89,2021,NULL,508,1,1,1),(90,2026,NULL,508,1,1,1),(91,2016,NULL,509,4,1,1),(92,2021,NULL,509,1,1,1),(93,2026,NULL,509,2,4,2),(94,2016,NULL,510,4,1,1),(95,2021,NULL,510,1,1,1),(96,2026,NULL,510,2,4,2),(97,2016,NULL,511,4,1,1),(98,2021,NULL,511,1,1,1),(99,2026,NULL,511,2,4,2),(100,2016,NULL,512,4,1,1),(101,2021,NULL,512,1,1,1),(102,2026,NULL,512,2,4,2),(103,2016,NULL,513,4,1,1),(104,2021,NULL,513,1,1,1),(105,2026,NULL,513,2,4,2),(106,2016,NULL,514,2,4,2),(107,2021,NULL,514,2,4,2),(108,2026,NULL,514,2,4,2),(109,2016,NULL,515,2,4,2),(110,2021,NULL,515,2,4,2),(111,2026,NULL,515,2,4,2),(112,2016,NULL,516,2,4,2),(113,2021,NULL,516,2,4,2),(114,2026,NULL,516,2,4,2),(115,2016,NULL,517,4,1,1),(116,2021,NULL,517,2,4,2),(117,2026,NULL,517,2,4,2),(118,2016,NULL,518,2,4,2),(119,2021,NULL,518,2,4,2),(120,2026,NULL,518,2,4,2),(121,2016,NULL,519,2,4,2),(122,2021,NULL,519,2,4,2),(123,2026,NULL,519,2,4,2),(124,2016,NULL,520,2,4,2),(125,2021,NULL,520,2,4,2),(126,2026,NULL,520,2,4,2),(127,2016,NULL,521,2,4,2),(128,2021,NULL,521,2,4,2),(129,2026,NULL,521,2,4,2),(130,2016,NULL,522,4,1,1),(131,2021,NULL,522,1,1,1),(132,2026,NULL,522,1,1,1),(133,2016,NULL,523,4,1,1),(134,2021,NULL,523,1,1,1),(135,2026,NULL,523,1,1,1),(136,2016,NULL,524,4,1,1),(137,2021,NULL,524,1,1,1),(138,2026,NULL,524,1,1,1),(139,2016,NULL,525,4,1,1),(140,2021,NULL,525,1,1,1),(141,2026,NULL,525,1,1,1),(142,2016,NULL,526,4,1,1),(143,2021,NULL,526,1,1,1),(144,2026,NULL,526,1,1,1),(145,2016,NULL,527,4,1,1),(146,2021,NULL,527,1,1,1),(147,2026,NULL,527,1,1,1),(148,2016,NULL,528,4,1,1),(149,2021,NULL,528,1,1,1),(150,2026,NULL,528,1,1,1),(151,2016,NULL,529,4,1,1),(152,2021,NULL,529,1,1,1),(153,2026,NULL,529,1,1,1),(154,2016,NULL,530,4,1,1),(155,2021,NULL,530,1,1,1),(156,2026,NULL,530,1,1,1),(157,2016,NULL,531,4,1,1),(158,2021,NULL,531,1,1,1),(159,2026,NULL,531,1,1,1),(160,2016,NULL,532,4,1,1),(161,2021,NULL,532,1,1,1),(162,2026,NULL,532,1,1,1),(163,2016,NULL,533,4,1,1),(164,2021,NULL,533,1,1,1),(165,2026,NULL,533,1,1,1),(166,2016,NULL,534,4,1,1),(167,2021,NULL,534,2,4,2),(168,2026,NULL,534,2,4,2),(169,2016,NULL,535,4,1,1),(170,2021,NULL,535,2,4,2),(171,2026,NULL,535,2,4,2),(172,2016,NULL,536,4,1,1),(173,2021,NULL,536,2,4,2),(174,2026,NULL,536,2,4,2),(175,2016,NULL,537,4,1,1),(176,2021,NULL,537,2,4,2),(177,2026,NULL,537,2,4,2),(178,2016,NULL,538,2,4,2),(179,2021,NULL,538,2,4,2),(180,2026,NULL,538,2,4,2),(181,2016,NULL,539,2,4,2),(182,2021,NULL,539,2,4,2),(183,2026,NULL,539,2,4,2),(184,2016,NULL,540,2,4,2),(185,2021,NULL,540,2,4,2),(186,2026,NULL,540,2,4,2),(187,2016,NULL,541,2,4,2),(188,2021,NULL,541,2,4,2),(189,2026,NULL,541,2,4,2),(190,2016,NULL,542,2,4,2),(191,2021,NULL,542,2,4,2),(192,2026,NULL,542,2,4,2),(193,2016,NULL,543,2,4,2),(194,2021,NULL,543,2,4,2),(195,2026,NULL,543,2,4,2),(196,2016,NULL,544,2,4,2),(197,2021,NULL,544,2,4,2),(198,2026,NULL,544,2,4,2),(199,2016,NULL,545,2,4,2),(200,2021,NULL,545,2,4,2),(201,2026,NULL,545,2,4,2),(202,2016,NULL,546,2,4,2),(203,2021,NULL,546,2,4,2),(204,2026,NULL,546,2,4,2),(205,2016,NULL,547,2,4,2),(206,2021,NULL,547,2,4,2),(207,2026,NULL,547,2,4,2),(208,2016,NULL,548,2,4,2),(209,2021,NULL,548,2,4,2),(210,2026,NULL,548,2,4,2),(211,2016,NULL,549,2,4,2),(212,2021,NULL,549,2,4,2),(213,2026,NULL,549,2,4,2),(214,2016,NULL,550,2,4,2),(215,2021,NULL,550,2,4,2),(216,2026,NULL,550,2,4,2),(217,2016,NULL,551,4,1,1),(218,2021,NULL,551,1,1,1),(219,2026,NULL,551,1,1,1),(220,2016,NULL,552,4,1,1),(221,2021,NULL,552,1,1,1),(222,2026,NULL,552,1,1,1),(223,2016,NULL,553,4,1,1),(224,2021,NULL,553,1,1,1),(225,2026,NULL,553,1,1,1),(226,2016,NULL,554,4,1,1),(227,2021,NULL,554,1,1,1),(228,2026,NULL,554,1,1,1),(229,2016,NULL,555,4,1,1),(230,2021,NULL,555,1,1,1),(231,2026,NULL,555,1,1,1),(232,2016,NULL,556,4,1,1),(233,2021,NULL,556,1,1,1),(234,2026,NULL,556,1,1,1),(235,2016,NULL,557,2,4,2),(236,2021,NULL,557,2,4,2),(237,2026,NULL,557,2,4,2),(238,2016,NULL,558,4,1,1),(239,2021,NULL,558,1,1,1),(240,2026,NULL,558,1,1,1),(241,2016,NULL,559,4,1,1),(242,2021,NULL,559,1,1,1),(243,2026,NULL,559,2,4,2),(244,2016,NULL,560,4,1,1),(245,2021,NULL,560,1,1,1),(246,2026,NULL,560,2,4,2),(247,2016,NULL,561,4,1,1),(248,2021,NULL,561,1,1,1),(249,2026,NULL,561,2,4,2),(250,2016,NULL,562,2,4,2),(251,2021,NULL,562,2,4,2),(252,2026,NULL,562,2,4,2),(253,2016,NULL,563,2,4,2),(254,2021,NULL,563,2,4,2),(255,2026,NULL,563,2,4,2),(256,2016,NULL,564,2,4,2),(257,2021,NULL,564,2,4,2),(258,2026,NULL,564,2,4,2),(259,2016,NULL,565,2,4,2),(260,2021,NULL,565,2,4,2),(261,2026,NULL,565,2,4,2),(262,2016,NULL,566,2,4,2),(263,2021,NULL,566,2,4,2),(264,2026,NULL,566,2,4,2),(265,2016,NULL,567,4,1,1),(266,2021,NULL,567,1,1,1),(267,2026,NULL,567,1,1,1),(268,2016,NULL,568,4,1,1),(269,2021,NULL,568,1,1,1),(270,2026,NULL,568,1,1,1),(271,2016,NULL,569,4,1,1),(272,2021,NULL,569,1,1,1),(273,2026,NULL,569,1,1,1),(274,2016,NULL,570,4,1,1),(275,2021,NULL,570,1,1,1),(276,2026,NULL,570,1,1,1),(277,2016,NULL,571,4,1,1),(278,2021,NULL,571,1,1,1),(279,2026,NULL,571,1,1,1),(280,2016,NULL,572,4,1,1),(281,2021,NULL,572,1,1,1),(282,2026,NULL,572,1,1,1),(283,2016,NULL,573,2,4,2),(284,2021,NULL,573,2,4,2),(285,2026,NULL,573,2,4,2),(286,2016,NULL,574,2,4,2),(287,2021,NULL,574,2,4,2),(288,2026,NULL,574,2,4,2),(289,2016,NULL,575,2,4,2),(290,2021,NULL,575,2,4,2),(291,2026,NULL,575,2,4,2),(292,2016,NULL,576,4,1,1),(293,2021,NULL,576,1,1,1),(294,2026,NULL,576,1,1,1),(295,2016,NULL,577,4,1,1),(296,2021,NULL,577,1,1,1),(297,2026,NULL,577,1,1,1),(298,2016,NULL,578,4,1,1),(299,2021,NULL,578,1,1,1),(300,2026,NULL,578,1,1,1),(301,2016,NULL,579,4,1,1),(302,2021,NULL,579,1,1,1),(303,2026,NULL,579,1,1,1),(304,2016,NULL,580,2,4,2),(305,2021,NULL,580,2,4,2),(306,2026,NULL,580,2,4,2),(307,2016,NULL,581,2,4,2),(308,2021,NULL,581,2,4,2),(309,2026,NULL,581,2,4,2),(310,2016,NULL,582,2,4,2),(311,2021,NULL,582,2,4,2),(312,2026,NULL,582,2,4,2),(313,2017,NULL,1,1,4,1),(314,2021,2022,1,1,4,3),(315,2026,NULL,1,1,4,3),(316,2017,NULL,2,1,4,1),(317,2021,2022,2,1,4,3),(318,2026,NULL,2,1,4,3),(319,2017,NULL,3,1,4,1),(320,2021,2022,3,1,4,3),(321,2026,NULL,3,1,4,3),(322,2015,NULL,4,1,4,1),(323,2021,2021,4,1,4,3),(324,2026,NULL,4,1,4,3),(325,2017,NULL,5,1,4,1),(326,2021,2022,5,1,4,3),(327,2026,NULL,5,1,4,3),(328,2015,NULL,6,1,4,1),(329,2021,2021,6,1,4,3),(330,2026,NULL,6,1,4,3),(331,2015,NULL,7,1,4,1),(332,2021,2021,7,1,4,3),(333,2026,NULL,7,1,4,3),(334,2017,NULL,8,1,4,1),(335,2021,2022,8,1,4,3),(336,2026,NULL,8,1,4,3),(337,2017,NULL,9,1,4,1),(338,2021,2022,9,1,4,3),(339,2026,NULL,9,1,4,3),(340,2015,NULL,10,1,4,1),(341,2021,2021,10,1,4,3),(342,2026,NULL,10,1,4,3),(343,2017,NULL,11,1,4,1),(344,2021,2022,11,1,4,3),(345,2026,NULL,11,1,4,3),(346,2016,NULL,12,1,4,1),(347,2021,NULL,12,2,4,1),(348,2026,NULL,12,2,4,1),(349,2020,NULL,13,1,4,2),(350,2025,NULL,13,2,4,2),(351,2026,NULL,13,2,4,2),(352,2018,NULL,14,1,4,1),(353,2023,NULL,14,2,4,1),(354,2026,NULL,14,2,4,1),(355,2020,NULL,15,1,4,2),(356,2025,NULL,15,2,4,2),(357,2026,NULL,15,2,4,2),(358,2018,NULL,16,1,4,1),(359,2023,NULL,16,2,4,1),(360,2026,NULL,16,2,4,1),(361,2020,NULL,17,1,4,1),(362,2025,NULL,17,2,4,1),(363,2026,NULL,17,2,4,1),(364,2018,NULL,18,1,4,1),(365,2023,NULL,18,2,4,1),(366,2026,NULL,18,2,4,1),(367,2018,NULL,19,1,4,1),(368,2023,NULL,19,2,4,1),(369,2026,NULL,19,2,4,1),(370,2016,NULL,20,1,4,1),(371,2021,NULL,20,2,4,1),(372,2026,NULL,20,2,4,1),(373,2016,NULL,21,1,4,1),(374,2021,NULL,21,2,4,1),(375,2026,NULL,21,2,4,1),(376,2020,NULL,22,1,4,2),(377,2025,NULL,22,2,4,2),(378,2026,NULL,22,2,4,2),(379,2018,NULL,23,1,4,1),(380,2023,NULL,23,2,4,1),(381,2026,NULL,23,2,4,1),(382,2020,NULL,24,2,4,1),(383,2021,NULL,24,2,4,1),(384,2026,NULL,24,2,4,1),(385,2020,NULL,25,2,4,1),(386,2021,NULL,25,2,4,1),(387,2026,NULL,25,2,4,1),(388,2020,NULL,26,2,4,1),(389,2021,NULL,26,2,4,1),(390,2026,NULL,26,2,4,1),(391,2020,NULL,27,2,4,1),(392,2021,NULL,27,2,4,1),(393,2026,NULL,27,2,4,1),(394,2020,NULL,28,2,4,1),(395,2021,NULL,28,2,4,1),(396,2026,NULL,28,2,4,1),(397,2020,NULL,29,2,4,1),(398,2021,NULL,29,2,4,1),(399,2026,NULL,29,2,4,1),(400,2017,NULL,59,1,4,1),(401,2021,2022,59,1,4,3),(402,2026,NULL,59,1,4,3),(403,2018,NULL,60,1,4,1),(404,2021,2023,60,1,4,3),(405,2026,NULL,60,1,4,3),(406,2017,NULL,98,1,4,1),(407,2021,2022,98,1,4,3),(408,2026,NULL,98,1,4,3),(409,2017,NULL,62,1,4,1),(410,2021,2022,62,1,4,3),(411,2026,NULL,62,1,4,3),(412,2019,NULL,63,1,4,1),(413,2021,2024,63,1,4,3),(414,2026,NULL,63,1,4,3),(415,2017,NULL,64,1,4,1),(416,2021,2022,64,1,4,3),(417,2026,NULL,64,1,4,3),(418,2018,NULL,65,1,4,1),(419,2021,2023,65,1,4,3),(420,2026,NULL,65,1,4,3),(421,2017,NULL,103,1,4,1),(422,2021,2022,103,1,4,3),(423,2026,NULL,103,1,4,3),(424,2017,NULL,67,1,4,1),(425,2021,2022,67,1,4,3),(426,2026,NULL,67,1,4,3),(427,2017,NULL,68,1,4,1),(428,2021,2022,68,1,4,3),(429,2026,NULL,68,1,4,3),(430,2016,NULL,69,1,4,1),(431,2021,2021,69,1,4,3),(432,2026,NULL,69,1,4,3),(433,2018,NULL,70,1,4,1),(434,2021,2023,70,1,4,3),(435,2026,NULL,70,1,4,3),(436,2017,NULL,71,1,4,1),(437,2021,2022,71,1,4,3),(438,2026,NULL,71,1,4,3),(439,2016,NULL,72,1,4,1),(440,2021,2021,72,1,4,3),(441,2026,NULL,72,1,4,3),(442,2016,NULL,73,1,4,1),(443,2021,2021,73,1,4,3),(444,2026,NULL,73,1,4,3),(445,2020,NULL,74,1,4,1),(446,2021,2025,74,1,4,3),(447,2026,NULL,74,1,4,3),(448,2016,NULL,75,1,4,1),(449,2021,2021,75,1,4,3),(450,2026,NULL,75,1,4,3),(451,2020,NULL,76,1,4,1),(452,2025,NULL,76,2,4,1),(453,2026,NULL,76,2,4,1),(454,2020,NULL,77,1,4,1),(455,2025,NULL,77,2,4,1),(456,2026,NULL,77,2,4,1),(457,2020,NULL,78,1,4,1),(458,2025,NULL,78,2,4,1),(459,2026,NULL,78,2,4,1),(460,2020,NULL,79,1,4,1),(461,2025,NULL,79,2,4,1),(462,2026,NULL,79,2,4,1),(463,2018,NULL,80,1,4,1),(464,2023,NULL,80,2,4,1),(465,2026,NULL,80,2,4,1),(466,2020,NULL,81,1,4,1),(467,2025,NULL,81,2,4,1),(468,2026,NULL,81,2,4,1),(469,2020,NULL,82,1,4,1),(470,2025,NULL,82,2,4,1),(471,2026,NULL,82,2,4,1),(472,2020,NULL,83,1,4,1),(473,2025,NULL,83,2,4,1),(474,2026,NULL,83,2,4,1),(475,2020,NULL,84,1,4,1),(476,2025,NULL,84,2,4,1),(477,2026,NULL,84,2,4,1),(478,2020,NULL,85,1,4,1),(479,2025,NULL,85,2,4,1),(480,2026,NULL,85,2,4,1),(481,2020,NULL,86,1,4,1),(482,2025,NULL,86,2,4,1),(483,2026,NULL,86,2,4,1),(484,2020,NULL,87,1,4,1),(485,2025,NULL,87,2,4,1),(486,2026,NULL,87,2,4,1),(487,2018,NULL,88,1,4,1),(488,2023,NULL,88,2,4,1),(489,2026,NULL,88,2,4,1),(490,2020,NULL,89,1,4,1),(491,2025,NULL,89,2,4,1),(492,2026,NULL,89,2,4,1),(493,2020,NULL,90,1,4,1),(494,2025,NULL,90,2,4,1),(495,2026,NULL,90,2,4,1),(496,2020,NULL,91,1,4,1),(497,2025,NULL,91,2,4,1),(498,2026,NULL,91,2,4,1),(499,2020,NULL,92,2,4,1),(500,2021,NULL,92,2,4,1),(501,2026,NULL,92,2,4,1),(502,2020,NULL,93,2,4,1),(503,2021,NULL,93,2,4,1),(504,2026,NULL,93,2,4,1),(505,2020,NULL,94,2,4,1),(506,2021,NULL,94,2,4,1),(507,2026,NULL,94,2,4,1),(508,2020,NULL,95,2,4,1),(509,2021,NULL,95,2,4,1),(510,2026,NULL,95,2,4,1),(511,2015,NULL,133,1,4,3),(512,2021,NULL,133,1,4,3),(513,2026,NULL,133,1,4,3),(514,2015,NULL,134,1,4,1),(515,2021,2021,134,1,4,3),(516,2026,NULL,134,1,4,3),(517,2016,NULL,135,1,4,1),(518,2021,2021,135,1,4,3),(519,2026,NULL,135,1,4,3),(520,2016,NULL,136,1,4,1),(521,2021,2021,136,1,4,3),(522,2026,NULL,136,1,4,3),(523,2015,NULL,137,1,4,1),(524,2021,2021,137,1,4,3),(525,2026,NULL,137,1,4,3),(526,2016,NULL,138,1,4,1),(527,2021,2021,138,1,4,3),(528,2026,NULL,138,1,4,3),(529,2016,NULL,139,1,4,1),(530,2021,2021,139,1,4,3),(531,2026,NULL,139,1,4,3),(532,2016,NULL,140,1,4,1),(533,2021,2021,140,1,4,3),(534,2026,NULL,140,1,4,3),(535,2017,NULL,141,1,4,1),(536,2021,2022,141,1,4,3),(537,2026,NULL,141,1,4,3),(538,2017,NULL,142,1,4,1),(539,2021,2022,142,1,4,3),(540,2026,NULL,142,1,4,3),(541,2017,NULL,143,1,4,1),(542,2021,2022,143,1,4,3),(543,2026,NULL,143,1,4,3),(544,2016,NULL,144,1,4,1),(545,2021,2021,144,1,4,3),(546,2026,NULL,144,1,4,3),(547,2016,NULL,145,1,4,1),(548,2021,2021,145,1,4,3),(549,2026,NULL,145,1,4,3),(550,2017,NULL,146,1,4,1),(551,2022,NULL,146,2,4,1),(552,2026,NULL,146,2,4,1),(553,2017,NULL,147,1,4,1),(554,2022,NULL,147,2,4,1),(555,2026,NULL,147,2,4,1),(556,2017,NULL,148,1,4,1),(557,2022,NULL,148,2,4,1),(558,2026,NULL,148,2,4,1),(559,2017,NULL,149,1,4,1),(560,2022,NULL,149,2,4,1),(561,2026,NULL,149,2,4,1),(562,2017,NULL,150,1,4,1),(563,2022,NULL,150,2,4,1),(564,2026,NULL,150,2,4,1),(565,2017,NULL,151,1,4,1),(566,2022,NULL,151,2,4,1),(567,2026,NULL,151,2,4,1),(568,2017,NULL,152,1,4,1),(569,2022,NULL,152,2,4,1),(570,2026,NULL,152,2,4,1),(571,2017,NULL,153,1,4,1),(572,2022,NULL,153,2,4,1),(573,2026,NULL,153,2,4,1),(574,2015,NULL,154,2,4,3),(575,2021,NULL,154,2,4,3),(576,2026,NULL,154,2,4,3),(577,2020,NULL,155,2,4,1),(578,2021,NULL,155,2,4,1),(579,2026,NULL,155,2,4,1),(580,2020,NULL,156,2,4,1),(581,2021,NULL,156,2,4,1),(582,2026,NULL,156,2,4,1),(583,2020,NULL,157,2,4,1),(584,2021,NULL,157,2,4,1),(585,2026,NULL,157,2,4,1),(586,2020,NULL,158,2,4,1),(587,2021,NULL,158,2,4,1),(588,2026,NULL,158,2,4,1),(589,2020,NULL,159,2,4,1),(590,2021,NULL,159,2,4,1),(591,2026,NULL,159,2,4,1),(592,2020,NULL,160,2,4,1),(593,2021,NULL,160,2,4,1),(594,2026,NULL,160,2,4,1),(595,2020,NULL,161,2,4,1),(596,2021,NULL,161,2,4,1),(597,2026,NULL,161,2,4,1),(598,2020,NULL,162,2,4,2),(599,2021,NULL,162,2,4,2),(600,2026,NULL,162,2,4,2),(601,2020,NULL,163,2,4,1),(602,2021,NULL,163,2,4,1),(603,2026,NULL,163,2,4,1),(604,2020,NULL,164,2,4,2),(605,2021,NULL,164,2,4,1),(606,2026,NULL,164,2,4,2),(607,2020,NULL,165,2,4,2),(608,2021,NULL,165,2,4,1),(609,2026,NULL,165,2,4,2),(610,2020,NULL,166,2,4,2),(611,2021,NULL,166,2,4,1),(612,2026,NULL,166,2,4,2),(613,2020,NULL,167,2,4,2),(614,2021,NULL,167,2,4,1),(615,2026,NULL,167,2,4,2),(616,2018,NULL,168,1,4,1),(617,2021,2023,168,1,4,3),(618,2026,NULL,168,1,4,3),(619,2018,NULL,169,1,4,1),(620,2021,2023,169,1,4,3),(621,2026,NULL,169,1,4,3),(622,2018,NULL,170,1,4,1),(623,2021,2023,170,1,4,3),(624,2026,NULL,170,1,4,3),(625,2018,NULL,171,1,4,1),(626,2021,2023,171,1,4,3),(627,2026,NULL,171,1,4,3),(628,2017,NULL,172,1,4,1),(629,2021,2022,172,1,4,3),(630,2026,NULL,172,1,4,3),(631,2018,NULL,173,1,4,1),(632,2021,2023,173,1,4,3),(633,2026,NULL,173,1,4,3),(634,2017,NULL,174,1,4,1),(635,2021,2022,174,1,4,3),(636,2026,NULL,174,1,4,3),(637,2017,NULL,175,1,4,1),(638,2021,2022,175,1,4,3),(639,2026,NULL,175,1,4,3),(640,2017,NULL,176,1,4,1),(641,2021,2022,176,1,4,3),(642,2026,NULL,176,1,4,3),(643,2017,NULL,177,1,4,1),(644,2021,2022,177,1,4,3),(645,2026,NULL,177,1,4,3),(646,2019,NULL,178,1,4,1),(647,2021,2024,178,1,4,3),(648,2026,NULL,178,1,4,3),(649,2019,NULL,179,1,4,1),(650,2021,2024,179,1,4,3),(651,2026,NULL,179,1,4,3),(652,2019,NULL,180,1,4,1),(653,2021,2024,180,1,4,3),(654,2026,NULL,180,1,4,3),(655,2016,NULL,181,1,4,1),(656,2021,2021,181,1,4,3),(657,2026,NULL,181,1,4,3),(658,2016,NULL,182,1,4,1),(659,2021,2021,182,1,4,3),(660,2026,NULL,182,1,4,3),(661,2016,NULL,183,1,4,1),(662,2021,2021,183,1,4,3),(663,2026,NULL,183,1,4,3),(664,2016,NULL,184,1,4,1),(665,2021,2021,184,1,4,3),(666,2026,NULL,184,1,4,3),(667,2016,NULL,185,1,4,1),(668,2021,2021,185,1,4,3),(669,2026,NULL,185,1,4,3),(670,2016,NULL,186,1,4,1),(671,2021,2021,186,1,4,3),(672,2026,NULL,186,1,4,3),(673,2016,NULL,187,1,4,1),(674,2021,2021,187,1,4,3),(675,2026,NULL,187,1,4,3),(676,2016,NULL,188,1,4,1),(677,2021,2021,188,1,4,3),(678,2026,NULL,188,1,4,3),(679,2020,NULL,189,1,4,1),(680,2025,NULL,189,2,4,1),(681,2026,NULL,189,2,4,1),(682,2020,NULL,190,1,4,1),(683,2025,NULL,190,2,4,1),(684,2026,NULL,190,2,4,1),(685,2020,NULL,191,1,4,2),(686,2025,NULL,191,2,4,2),(687,2026,NULL,191,2,4,2),(688,2020,NULL,192,1,4,1),(689,2025,NULL,192,2,4,1),(690,2026,NULL,192,2,4,1),(691,2020,NULL,193,1,4,1),(692,2025,NULL,193,2,4,1),(693,2026,NULL,193,2,4,1),(694,2020,NULL,194,1,4,2),(695,2025,NULL,194,2,4,2),(696,2026,NULL,194,2,4,2),(697,2020,NULL,195,1,4,2),(698,2025,NULL,195,2,4,2),(699,2026,NULL,195,2,4,2),(700,2020,NULL,196,1,4,1),(701,2025,NULL,196,2,4,1),(702,2026,NULL,196,2,4,1),(703,2020,NULL,197,1,4,1),(704,2025,NULL,197,2,4,1),(705,2026,NULL,197,2,4,1),(706,2020,NULL,198,1,4,1),(707,2025,NULL,198,2,4,1),(708,2026,NULL,198,2,4,1),(709,2020,NULL,199,1,4,1),(710,2025,NULL,199,2,4,1),(711,2026,NULL,199,2,4,1),(712,2020,NULL,200,1,4,1),(713,2025,NULL,200,2,4,1),(714,2026,NULL,200,2,4,1),(715,2020,NULL,201,1,4,1),(716,2025,NULL,201,2,4,1),(717,2026,NULL,201,2,4,1),(718,2020,NULL,202,1,4,1),(719,2025,NULL,202,2,4,1),(720,2026,NULL,202,2,4,1),(721,2020,NULL,203,2,4,2),(722,2021,NULL,203,2,4,1),(723,2026,NULL,203,2,4,1),(724,2020,NULL,204,2,4,2),(725,2021,NULL,204,2,4,2),(726,2026,NULL,204,2,4,2),(727,2020,NULL,205,2,4,2),(728,2021,NULL,205,2,4,1),(729,2026,NULL,205,2,4,1),(730,2020,NULL,206,2,4,2),(731,2021,NULL,206,2,4,2),(732,2026,NULL,206,2,4,2),(733,2016,NULL,585,1,4,1),(734,2021,2021,585,1,4,3),(735,2026,NULL,585,1,4,3),(736,2017,NULL,208,1,4,1),(737,2021,2022,208,1,4,3),(738,2026,NULL,208,1,4,3),(739,2016,NULL,209,1,4,1),(740,2021,NULL,209,1,4,1),(741,2026,NULL,209,1,4,3),(742,2019,NULL,210,1,4,1),(743,2021,2024,210,1,4,3),(744,2026,NULL,210,1,4,3),(745,2016,NULL,211,1,4,1),(746,2021,2021,211,1,4,3),(747,2026,NULL,211,1,4,3),(748,2016,NULL,212,1,4,3),(749,2021,NULL,212,1,4,3),(750,2026,NULL,212,1,4,3),(751,2016,NULL,213,1,4,3),(752,2021,NULL,213,1,4,3),(753,2026,NULL,213,1,4,3),(754,2016,NULL,214,1,4,1),(755,2021,2021,214,1,4,3),(756,2026,NULL,214,1,4,3),(757,2016,NULL,215,1,4,1),(758,2021,2021,215,1,4,3),(759,2026,NULL,215,1,4,3),(760,2015,NULL,216,1,4,1),(761,2021,2021,216,1,4,3),(762,2026,NULL,216,1,4,3),(763,2015,NULL,218,1,4,1),(764,2021,2021,218,1,4,3),(765,2026,NULL,218,1,4,3),(766,2019,NULL,219,1,4,1),(767,2021,2024,219,1,4,3),(768,2026,NULL,219,1,4,3),(769,2020,NULL,220,1,4,1),(770,2021,2025,220,1,4,3),(771,2026,NULL,220,1,4,3),(772,2015,NULL,221,1,4,1),(773,2021,2021,221,1,4,3),(774,2026,NULL,221,1,4,3),(775,2015,NULL,222,1,4,1),(776,2021,2021,222,1,4,3),(777,2026,NULL,222,1,4,3),(778,2020,NULL,223,1,4,1),(779,2021,2025,223,1,4,3),(780,2026,NULL,223,1,4,3),(781,2015,NULL,225,1,4,1),(782,2021,2021,225,1,4,3),(783,2026,NULL,225,1,4,3),(784,2020,NULL,227,1,4,1),(785,2025,NULL,227,2,4,1),(786,2026,NULL,227,2,4,1),(787,2020,NULL,228,1,4,1),(788,2025,NULL,228,2,4,1),(789,2026,NULL,228,2,4,1),(790,2020,NULL,229,1,4,1),(791,2025,NULL,229,2,4,1),(792,2026,NULL,229,2,4,1),(793,2020,NULL,230,1,4,1),(794,2025,NULL,230,2,4,1),(795,2026,NULL,230,2,4,1),(796,2020,NULL,231,1,4,1),(797,2025,NULL,231,2,4,1),(798,2026,NULL,231,2,4,1),(799,2020,NULL,232,1,4,1),(800,2025,NULL,232,2,4,1),(801,2026,NULL,232,2,4,1),(802,2020,NULL,233,1,4,1),(803,2025,NULL,233,2,4,1),(804,2026,NULL,233,2,4,1),(805,2020,NULL,234,1,4,3),(806,2025,NULL,234,2,4,3),(807,2026,NULL,234,2,4,3),(808,2020,NULL,235,2,4,1),(809,2021,NULL,235,2,4,1),(810,2026,NULL,235,2,4,1),(811,2020,NULL,236,2,4,1),(812,2021,NULL,236,2,4,1),(813,2026,NULL,236,2,4,1),(814,2020,NULL,237,2,4,1),(815,2021,NULL,237,2,4,1),(816,2026,NULL,237,2,4,1),(817,2020,NULL,238,2,4,1),(818,2021,NULL,238,2,4,1),(819,2026,NULL,238,2,4,1),(820,2020,NULL,239,2,4,1),(821,2021,NULL,239,2,4,1),(822,2026,NULL,239,2,4,1),(823,2020,NULL,240,2,4,1),(824,2021,NULL,240,2,4,1),(825,2026,NULL,240,2,4,1),(826,2020,NULL,241,2,4,1),(827,2021,NULL,241,2,4,1),(828,2026,NULL,241,2,4,1),(829,2020,NULL,242,2,4,1),(830,2021,NULL,242,2,4,1),(831,2026,NULL,242,2,4,1),(832,2020,NULL,243,2,4,1),(833,2021,NULL,243,2,4,1),(834,2026,NULL,243,2,4,1),(835,2015,NULL,244,2,4,2),(836,2021,NULL,244,2,4,2),(837,2026,NULL,244,2,4,2),(838,2017,NULL,586,1,4,1),(839,2021,2022,586,1,4,3),(840,2026,NULL,586,1,4,3),(841,2017,NULL,246,1,4,1),(842,2021,2022,246,1,4,3),(843,2026,NULL,246,1,4,3),(844,2017,NULL,247,1,4,1),(845,2021,2022,247,1,4,3),(846,2026,NULL,247,1,4,3),(847,2019,NULL,248,1,4,1),(848,2021,2024,248,1,4,3),(849,2026,NULL,248,1,4,3),(850,2019,NULL,249,1,4,1),(851,2021,2024,249,1,4,3),(852,2026,NULL,249,1,4,3),(853,2019,NULL,250,1,4,1),(854,2021,2024,250,1,4,3),(855,2026,NULL,250,1,4,3),(856,2019,NULL,251,1,4,1),(857,2021,2024,251,1,4,3),(858,2026,NULL,251,1,4,3),(859,2019,NULL,252,1,4,1),(860,2021,2024,252,1,4,3),(861,2026,NULL,252,1,4,3),(862,2019,NULL,253,1,4,1),(863,2021,2024,253,1,4,3),(864,2026,NULL,253,1,4,3),(865,2019,NULL,254,1,4,1),(866,2021,2024,254,1,4,3),(867,2026,NULL,254,1,4,3),(868,2017,NULL,255,1,4,1),(869,2021,2022,255,1,4,3),(870,2026,NULL,255,1,4,3),(871,2017,NULL,256,1,4,1),(872,2021,2022,256,1,4,3),(873,2026,NULL,256,1,4,3),(874,2016,NULL,257,1,4,1),(875,2021,2021,257,1,4,3),(876,2026,NULL,257,1,4,3),(877,2016,NULL,258,1,4,1),(878,2021,2021,258,1,4,3),(879,2026,NULL,258,1,4,3),(880,2016,NULL,259,1,4,1),(881,2021,2021,259,1,4,3),(882,2026,NULL,259,1,4,3),(883,2016,NULL,260,1,4,1),(884,2021,2021,260,1,4,3),(885,2026,NULL,260,1,4,3),(886,2016,NULL,261,1,4,1),(887,2021,2021,261,1,4,3),(888,2026,NULL,261,1,4,3),(889,2016,NULL,262,1,4,1),(890,2021,2021,262,1,4,3),(891,2026,NULL,262,1,4,3),(892,2016,NULL,263,1,4,1),(893,2021,2021,263,1,4,3),(894,2026,NULL,263,1,4,3),(895,2018,NULL,264,1,4,1),(896,2021,2023,264,1,4,3),(897,2026,NULL,264,1,4,3),(898,2018,NULL,265,1,4,1),(899,2021,2023,265,1,4,3),(900,2026,NULL,265,1,4,3),(901,2018,NULL,266,1,4,1),(902,2021,2023,266,1,4,3),(903,2026,NULL,266,1,4,3),(904,2018,NULL,267,1,4,1),(905,2021,2023,267,1,4,3),(906,2026,NULL,267,1,4,3),(907,2018,NULL,268,1,4,1),(908,2021,2023,268,1,4,3),(909,2026,NULL,268,1,4,3),(910,2018,NULL,269,1,4,1),(911,2021,2023,269,1,4,3),(912,2026,NULL,269,1,4,3),(913,2018,NULL,270,1,4,1),(914,2021,2023,270,1,4,3),(915,2026,NULL,270,1,4,3),(916,2018,NULL,271,1,4,1),(917,2021,2023,271,1,4,3),(918,2026,NULL,271,1,4,3),(919,2018,NULL,272,1,4,1),(920,2021,2023,272,1,4,3),(921,2026,NULL,272,1,4,3),(922,2018,NULL,273,1,4,1),(923,2021,2023,273,1,4,3),(924,2026,NULL,273,1,4,3),(925,2018,NULL,274,1,4,1),(926,2021,2023,274,1,4,3),(927,2026,NULL,274,1,4,3),(928,2018,NULL,275,1,4,1),(929,2021,2023,275,1,4,3),(930,2026,NULL,275,1,4,3),(931,2018,NULL,276,1,4,1),(932,2021,2023,276,1,4,3),(933,2026,NULL,276,1,4,3),(934,2017,NULL,277,1,4,1),(935,2021,2022,277,1,4,3),(936,2026,NULL,277,1,4,3),(937,2017,NULL,278,1,4,1),(938,2021,2022,278,1,4,3),(939,2026,NULL,278,1,4,3),(940,2015,NULL,279,1,4,1),(941,2021,NULL,279,2,4,1),(942,2026,NULL,279,2,4,1),(943,2015,NULL,280,1,4,1),(944,2021,NULL,280,2,4,1),(945,2026,NULL,280,2,4,1),(946,2015,NULL,281,1,4,1),(947,2021,NULL,281,2,4,1),(948,2026,NULL,281,2,4,1),(949,2015,NULL,282,1,4,1),(950,2021,NULL,282,2,4,1),(951,2026,NULL,282,2,4,1),(952,2015,NULL,283,1,4,1),(953,2021,NULL,283,2,4,1),(954,2026,NULL,283,2,4,1),(955,2015,NULL,284,1,4,1),(956,2021,NULL,284,2,4,1),(957,2026,NULL,284,2,4,1),(958,2015,NULL,285,1,4,1),(959,2021,NULL,285,2,4,1),(960,2026,NULL,285,2,4,1),(961,2019,NULL,286,1,4,1),(962,2024,NULL,286,2,4,1),(963,2026,NULL,286,2,4,1),(964,2019,NULL,287,1,4,1),(965,2024,NULL,287,2,4,1),(966,2026,NULL,287,2,4,1),(967,2019,NULL,288,1,4,1),(968,2024,NULL,288,2,4,1),(969,2026,NULL,288,2,4,1),(970,2015,NULL,289,1,4,1),(971,2021,NULL,289,2,4,1),(972,2026,NULL,289,2,4,1),(973,2015,NULL,290,1,4,1),(974,2021,NULL,290,2,4,1),(975,2026,NULL,290,2,4,1),(976,2019,NULL,291,1,4,1),(977,2024,NULL,291,2,4,1),(978,2026,NULL,291,2,4,1),(979,2019,NULL,292,1,4,1),(980,2024,NULL,292,2,4,1),(981,2026,NULL,292,2,4,1),(982,2015,NULL,293,1,4,1),(983,2021,NULL,293,2,4,1),(984,2026,NULL,293,2,4,1),(985,2015,NULL,294,1,4,1),(986,2021,NULL,294,2,4,1),(987,2026,NULL,294,2,4,1),(988,2015,NULL,295,1,4,1),(989,2021,NULL,295,2,4,1),(990,2026,NULL,295,2,4,1),(991,2015,NULL,296,1,4,1),(992,2021,NULL,296,2,4,1),(993,2026,NULL,296,2,4,1),(994,2015,NULL,297,1,4,1),(995,2021,NULL,297,2,4,1),(996,2026,NULL,297,2,4,1),(997,2015,NULL,298,1,4,1),(998,2021,NULL,298,2,4,1),(999,2026,NULL,298,2,4,1),(1000,2015,NULL,299,1,4,1),(1001,2021,NULL,299,2,4,1),(1002,2026,NULL,299,2,4,1),(1003,2015,NULL,300,1,4,1),(1004,2021,NULL,300,2,4,1),(1005,2026,NULL,300,2,4,1),(1006,2018,NULL,301,1,4,1),(1007,2023,NULL,301,2,4,1),(1008,2026,NULL,301,2,4,1),(1009,2018,NULL,302,1,4,1),(1010,2023,NULL,302,2,4,1),(1011,2026,NULL,302,2,4,1),(1012,2015,NULL,303,2,4,2),(1013,2021,NULL,303,2,4,2),(1014,2026,NULL,303,2,4,2),(1015,2020,NULL,304,2,4,1),(1016,2021,NULL,304,2,4,1),(1017,2026,NULL,304,2,4,1),(1018,2020,NULL,305,2,4,1),(1019,2021,NULL,305,2,4,1),(1020,2026,NULL,305,2,4,1),(1021,2020,NULL,306,2,4,1),(1022,2021,NULL,306,2,4,1),(1023,2026,NULL,306,2,4,1),(1024,2020,NULL,307,2,4,1),(1025,2021,NULL,307,2,4,1),(1026,2026,NULL,307,2,4,1),(1027,2020,NULL,308,2,4,1),(1028,2021,NULL,308,2,4,1),(1029,2026,NULL,308,2,4,1),(1030,2020,NULL,309,2,4,1),(1031,2021,NULL,309,2,4,1),(1032,2026,NULL,309,2,4,1),(1033,2020,NULL,310,2,4,1),(1034,2021,NULL,310,2,4,1),(1035,2026,NULL,310,2,4,1),(1036,2020,NULL,311,2,4,1),(1037,2021,NULL,311,2,4,1),(1038,2026,NULL,311,2,4,1),(1039,2020,NULL,312,2,4,1),(1040,2021,NULL,312,2,4,1),(1041,2026,NULL,312,2,4,1),(1042,2020,NULL,313,2,4,1),(1043,2021,NULL,313,2,4,1),(1044,2026,NULL,313,2,4,1),(1045,2020,NULL,314,2,4,1),(1046,2021,NULL,314,2,4,1),(1047,2026,NULL,314,2,4,1),(1048,2020,NULL,315,2,4,1),(1049,2021,NULL,315,2,4,1),(1050,2026,NULL,315,2,4,1),(1051,2020,NULL,316,2,4,1),(1052,2021,NULL,316,2,4,1),(1053,2026,NULL,316,2,4,1),(1054,2020,NULL,317,2,4,1),(1055,2021,NULL,317,2,4,1),(1056,2026,NULL,317,2,4,1),(1057,2015,NULL,588,1,4,1),(1058,2021,2022,588,1,4,3),(1059,2026,NULL,588,1,4,3),(1060,2015,NULL,319,2,4,3),(1061,2021,NULL,319,2,4,3),(1062,2026,NULL,319,2,4,3),(1063,2015,NULL,320,1,4,1),(1064,2021,2021,320,1,4,3),(1065,2026,NULL,320,1,4,3),(1066,2015,NULL,321,1,4,1),(1067,2021,2021,321,1,4,3),(1068,2026,NULL,321,1,4,3),(1069,2016,NULL,322,1,4,1),(1070,2021,2022,322,1,4,3),(1071,2026,NULL,322,1,4,3),(1072,2016,NULL,323,1,4,1),(1073,2021,2021,323,1,4,3),(1074,2026,NULL,323,1,4,3),(1075,2016,NULL,324,1,4,1),(1076,2021,2022,324,1,4,3),(1077,2026,NULL,324,1,4,3),(1078,2015,NULL,325,1,4,1),(1079,2021,2021,325,1,4,3),(1080,2026,NULL,325,1,4,3),(1081,2015,NULL,326,1,4,1),(1082,2021,2021,326,1,4,3),(1083,2026,NULL,326,1,4,3),(1084,2016,NULL,327,1,4,1),(1085,2021,2022,327,1,4,3),(1086,2026,NULL,327,1,4,3),(1087,2016,NULL,328,1,4,1),(1088,2021,2021,328,1,4,3),(1089,2026,NULL,328,1,4,3),(1090,2016,NULL,329,1,4,1),(1091,2021,2022,329,1,4,3),(1092,2026,NULL,329,1,4,3),(1093,2015,NULL,330,1,4,1),(1094,2021,2021,330,1,4,3),(1095,2026,NULL,330,1,4,3),(1096,2016,NULL,331,1,4,1),(1097,2021,2022,331,1,4,3),(1098,2026,NULL,331,1,4,3),(1099,2015,NULL,332,1,4,1),(1100,2021,2021,332,1,4,3),(1101,2026,NULL,332,1,4,3),(1102,2016,NULL,333,1,4,1),(1103,2021,2021,333,1,4,3),(1104,2026,NULL,333,1,4,3),(1105,2015,NULL,334,1,4,1),(1106,2021,2021,334,1,4,3),(1107,2026,NULL,334,1,4,3),(1108,2017,NULL,335,1,4,1),(1109,2021,2022,335,1,4,3),(1110,2026,NULL,335,1,4,3),(1111,2017,NULL,336,1,4,1),(1112,2022,NULL,336,2,4,1),(1113,2026,NULL,336,2,4,1),(1114,2017,NULL,337,1,4,2),(1115,2022,NULL,337,2,4,2),(1116,2026,NULL,337,2,4,2),(1117,2016,NULL,338,1,4,1),(1118,2021,NULL,338,2,4,1),(1119,2026,NULL,338,2,4,1),(1120,2016,NULL,339,1,4,1),(1121,2021,NULL,339,2,4,1),(1122,2026,NULL,339,2,4,1),(1123,2018,NULL,340,1,4,1),(1124,2023,NULL,340,2,4,1),(1125,2026,NULL,340,2,4,1),(1126,2015,NULL,341,1,4,1),(1127,2021,NULL,341,2,4,1),(1128,2026,NULL,341,2,4,1),(1129,2016,NULL,342,1,4,1),(1130,2021,NULL,342,2,4,1),(1131,2026,NULL,342,2,4,1),(1132,2020,NULL,343,1,4,1),(1133,2025,NULL,343,2,4,1),(1134,2026,NULL,343,2,4,1),(1135,2016,NULL,344,1,4,1),(1136,2021,NULL,344,2,4,1),(1137,2026,NULL,344,2,4,1),(1138,2015,NULL,345,1,4,1),(1139,2021,NULL,345,2,4,1),(1140,2026,NULL,345,2,4,1),(1141,2015,NULL,346,1,4,1),(1142,2021,NULL,346,2,4,1),(1143,2026,NULL,346,2,4,1),(1144,2018,NULL,347,1,4,1),(1145,2023,NULL,347,2,4,1),(1146,2026,NULL,347,2,4,1),(1147,2016,NULL,348,1,4,1),(1148,2021,NULL,348,2,4,1),(1149,2026,NULL,348,2,4,1),(1150,2018,NULL,349,1,4,1),(1151,2023,NULL,349,2,4,1),(1152,2026,NULL,349,2,4,1),(1153,2016,NULL,350,1,4,2),(1154,2021,NULL,350,2,4,2),(1155,2026,NULL,350,2,4,2),(1156,2015,NULL,351,1,4,1),(1157,2021,NULL,351,2,4,1),(1158,2026,NULL,351,2,4,1),(1159,2017,NULL,352,1,4,1),(1160,2022,NULL,352,2,4,1),(1161,2026,NULL,352,2,4,1),(1162,2016,NULL,353,1,4,1),(1163,2021,NULL,353,2,4,1),(1164,2026,NULL,353,2,4,1),(1165,2015,NULL,354,1,4,1),(1166,2021,NULL,354,2,4,1),(1167,2026,NULL,354,2,4,1),(1168,2018,NULL,355,1,4,1),(1169,2023,NULL,355,2,4,1),(1170,2026,NULL,355,2,4,1),(1171,2018,NULL,356,1,4,1),(1172,2023,NULL,356,2,4,1),(1173,2026,NULL,356,2,4,1),(1174,2015,NULL,357,1,4,1),(1175,2021,NULL,357,2,4,1),(1176,2026,NULL,357,2,4,1),(1177,2017,NULL,358,1,4,1),(1178,2022,NULL,358,2,4,1),(1179,2026,NULL,358,2,4,1),(1180,2020,NULL,359,1,4,1),(1181,2025,NULL,359,2,4,1),(1182,2026,NULL,359,2,4,1),(1183,2016,NULL,360,1,4,1),(1184,2021,NULL,360,2,4,1),(1185,2026,NULL,360,2,4,1),(1186,2016,NULL,361,1,4,1),(1187,2021,NULL,361,2,4,1),(1188,2026,NULL,361,2,4,1),(1189,2016,NULL,362,1,4,1),(1190,2021,NULL,362,2,4,1),(1191,2026,NULL,362,2,4,1),(1192,2016,NULL,363,1,4,1),(1193,2021,NULL,363,2,4,1),(1194,2026,NULL,363,2,4,1),(1195,2020,NULL,364,2,4,1),(1196,2021,NULL,364,2,4,1),(1197,2026,NULL,364,2,4,1),(1198,2017,NULL,365,2,4,1),(1199,2021,NULL,365,2,4,1),(1200,2026,NULL,365,2,4,1),(1201,2017,NULL,366,2,4,1),(1202,2021,NULL,366,2,4,1),(1203,2026,NULL,366,2,4,1),(1204,2017,NULL,367,2,4,1),(1205,2021,NULL,367,2,4,1),(1206,2026,NULL,367,2,4,1),(1207,2017,NULL,368,2,4,1),(1208,2021,NULL,368,2,4,1),(1209,2026,NULL,368,2,4,1),(1210,2020,NULL,369,2,4,1),(1211,2021,NULL,369,2,4,1),(1212,2026,NULL,369,2,4,1),(1213,2020,NULL,370,2,4,2),(1214,2021,NULL,370,2,4,2),(1215,2026,NULL,370,2,4,2),(1216,2020,NULL,371,2,4,2),(1217,2021,NULL,371,2,4,2),(1218,2026,NULL,371,2,4,2),(1219,2020,NULL,372,2,4,1),(1220,2021,NULL,372,2,4,1),(1221,2026,NULL,372,2,4,1),(1222,2020,NULL,373,2,4,2),(1223,2021,NULL,373,2,4,2),(1224,2026,NULL,373,2,4,2),(1225,2018,NULL,374,2,4,2),(1226,2021,NULL,374,2,4,2),(1227,2026,NULL,374,2,4,2),(1228,2015,NULL,375,2,4,2),(1229,2021,NULL,375,2,4,2),(1230,2026,NULL,375,2,4,2),(1231,2015,NULL,376,2,4,2),(1232,2021,NULL,376,2,4,2),(1233,2026,NULL,376,2,4,2),(1234,2015,NULL,377,2,4,2),(1235,2021,NULL,377,2,4,2),(1236,2026,NULL,377,2,4,2),(1237,2016,NULL,589,1,4,1),(1238,2021,2021,589,1,4,3),(1239,2026,NULL,589,1,4,3),(1240,2015,NULL,379,1,4,1),(1241,2021,2021,379,1,4,3),(1242,2026,NULL,379,1,4,3),(1243,2015,NULL,380,1,4,1),(1244,2021,2021,380,1,4,3),(1245,2026,NULL,380,1,4,3),(1246,2015,NULL,381,1,4,1),(1247,2021,2021,381,1,4,3),(1248,2026,NULL,381,1,4,3),(1249,2015,NULL,382,1,4,1),(1250,2021,2021,382,1,4,3),(1251,2026,NULL,382,1,4,3),(1252,2015,NULL,383,1,4,1),(1253,2021,2021,383,1,4,3),(1254,2026,NULL,383,1,4,3),(1255,2015,NULL,384,1,4,1),(1256,2021,2021,384,1,4,3),(1257,2026,NULL,384,1,4,3),(1258,2015,NULL,385,1,4,1),(1259,2021,2021,385,1,4,3),(1260,2026,NULL,385,1,4,3),(1261,2015,NULL,386,1,4,1),(1262,2021,2021,386,1,4,3),(1263,2026,NULL,386,1,4,3),(1264,2015,NULL,387,1,4,1),(1265,2021,2021,387,1,4,3),(1266,2026,NULL,387,1,4,3),(1267,2016,NULL,388,1,4,1),(1268,2021,2021,388,1,4,3),(1269,2026,NULL,388,1,4,3),(1270,2020,NULL,389,1,4,1),(1271,2021,2025,389,1,4,3),(1272,2026,NULL,389,1,4,3),(1273,2020,NULL,390,1,4,1),(1274,2021,2025,390,1,4,3),(1275,2026,NULL,390,1,4,3),(1276,2016,NULL,391,1,4,1),(1277,2021,NULL,391,2,4,1),(1278,2026,NULL,391,2,4,1),(1279,2016,NULL,392,1,4,1),(1280,2021,NULL,392,2,4,1),(1281,2026,NULL,392,2,4,1),(1282,2016,NULL,393,1,4,1),(1283,2021,NULL,393,2,4,1),(1284,2026,NULL,393,2,4,1),(1285,2016,NULL,394,1,4,1),(1286,2021,NULL,394,2,4,1),(1287,2026,NULL,394,2,4,1),(1288,2016,NULL,590,1,4,1),(1289,2021,NULL,590,2,4,1),(1290,2026,NULL,590,2,4,1),(1291,2016,NULL,396,1,4,1),(1292,2021,NULL,396,2,4,1),(1293,2026,NULL,396,2,4,1),(1294,2018,NULL,397,1,4,1),(1295,2021,NULL,397,2,4,1),(1296,2026,NULL,397,2,4,1),(1297,2020,NULL,398,2,4,1),(1298,2021,NULL,398,2,4,1),(1299,2026,NULL,398,2,4,1),(1300,2020,NULL,399,2,4,1),(1301,2021,NULL,399,2,4,1),(1302,2026,NULL,399,2,4,1),(1303,2020,NULL,400,2,4,3),(1304,2021,NULL,400,2,4,3),(1305,2026,NULL,400,2,4,3),(1306,2020,NULL,401,2,4,1),(1307,2021,NULL,401,2,4,1),(1308,2026,NULL,401,2,4,1),(1309,2020,NULL,402,2,4,1),(1310,2021,NULL,402,2,4,1),(1311,2026,NULL,402,2,4,1),(1312,2020,NULL,403,2,4,1),(1313,2021,NULL,403,2,4,1),(1314,2026,NULL,403,2,4,1),(1315,2020,NULL,404,2,4,1),(1316,2021,NULL,404,2,4,1),(1317,2026,NULL,404,2,4,1),(1318,2015,NULL,405,2,4,2),(1319,2021,NULL,405,2,4,2),(1320,2026,NULL,405,2,4,2),(1321,2019,NULL,591,1,4,1),(1322,2021,2024,591,1,4,3),(1323,2026,NULL,591,1,4,3),(1324,2019,NULL,407,1,4,1),(1325,2021,2022,407,1,4,3),(1326,2026,NULL,407,1,4,3),(1327,2019,NULL,408,1,4,1),(1328,2021,2022,408,1,4,3),(1329,2026,NULL,408,1,4,3),(1330,2019,NULL,409,1,4,1),(1331,2021,2022,409,1,4,3),(1332,2026,NULL,409,1,4,3),(1333,2019,NULL,410,1,4,1),(1334,2021,2022,410,1,4,3),(1335,2026,NULL,410,1,4,3),(1336,2019,NULL,411,1,4,1),(1337,2021,2022,411,1,4,3),(1338,2026,NULL,411,1,4,3),(1339,2018,NULL,412,1,4,1),(1340,2021,2021,412,1,4,3),(1341,2026,NULL,412,1,4,3),(1342,2018,NULL,413,1,4,1),(1343,2021,2021,413,1,4,3),(1344,2026,NULL,413,1,4,3),(1345,2018,NULL,414,1,4,1),(1346,2021,2021,414,1,4,3),(1347,2026,NULL,414,1,4,3),(1348,2018,NULL,415,1,4,1),(1349,2021,2021,415,1,4,3),(1350,2026,NULL,415,1,4,3),(1351,2018,NULL,416,1,4,1),(1352,2021,2021,416,1,4,3),(1353,2026,NULL,416,1,4,3),(1354,2017,NULL,417,1,4,1),(1355,2020,NULL,417,2,4,1),(1356,2026,NULL,417,2,4,1),(1357,2017,NULL,418,1,4,1),(1358,2020,NULL,418,2,4,1),(1359,2026,NULL,418,2,4,1),(1360,2017,NULL,419,1,4,1),(1361,2020,NULL,419,2,4,1),(1362,2026,NULL,419,2,4,1),(1363,2017,NULL,420,1,4,1),(1364,2020,NULL,420,2,4,1),(1365,2026,NULL,420,2,4,1),(1366,2017,NULL,421,1,4,1),(1367,2020,NULL,421,2,4,1),(1368,2026,NULL,421,2,4,1),(1369,2017,NULL,422,1,4,1),(1370,2020,NULL,422,2,4,1),(1371,2026,NULL,422,2,4,1),(1372,2020,NULL,423,1,4,2),(1373,2022,NULL,423,2,4,2),(1374,2026,NULL,423,2,4,2),(1375,2020,NULL,424,1,4,2),(1376,2022,NULL,424,2,4,2),(1377,2026,NULL,424,2,4,2),(1378,2020,NULL,425,1,4,1),(1379,2022,NULL,425,2,4,1),(1380,2026,NULL,425,2,4,1),(1381,2020,NULL,426,1,4,1),(1382,2022,NULL,426,2,4,1),(1383,2026,NULL,426,2,4,1),(1384,2020,NULL,427,1,4,2),(1385,2022,NULL,427,2,4,2),(1386,2026,NULL,427,2,4,2),(1387,2020,NULL,428,1,4,1),(1388,2022,NULL,428,2,4,1),(1389,2026,NULL,428,2,4,1),(1390,2020,NULL,429,1,4,2),(1391,2022,NULL,429,2,4,2),(1392,2026,NULL,429,2,4,2),(1393,2020,NULL,430,1,4,2),(1394,2022,NULL,430,2,4,2),(1395,2026,NULL,430,2,4,2),(1396,2018,NULL,592,1,4,1),(1397,2021,2023,592,1,4,3),(1398,2026,NULL,592,1,4,3),(1399,2018,NULL,432,1,4,1),(1400,2021,2023,432,1,4,3),(1401,2026,NULL,432,1,4,3),(1402,2018,NULL,433,1,4,2),(1403,2021,NULL,433,1,4,2),(1404,2026,NULL,433,1,4,2),(1405,2017,NULL,434,1,4,1),(1406,2021,2022,434,1,4,3),(1407,2026,NULL,434,1,4,3),(1408,2018,NULL,435,1,4,1),(1409,2021,2023,435,1,4,3),(1410,2026,NULL,435,1,4,3),(1411,2016,NULL,436,1,4,1),(1412,2021,2021,436,1,4,3),(1413,2026,NULL,436,1,4,3),(1414,2018,NULL,437,1,4,1),(1415,2021,2023,437,1,4,3),(1416,2026,NULL,437,1,4,3),(1417,2015,NULL,438,1,4,1),(1418,2021,2021,438,1,4,3),(1419,2026,NULL,438,1,4,3),(1420,2015,NULL,439,1,4,1),(1421,2021,2021,439,1,4,3),(1422,2026,NULL,439,1,4,3),(1423,2015,NULL,440,1,4,1),(1424,2021,2021,440,1,4,3),(1425,2026,NULL,440,1,4,3),(1426,2018,NULL,441,1,4,2),(1427,2021,NULL,441,1,4,2),(1428,2026,NULL,441,1,4,2),(1429,2018,NULL,442,1,4,2),(1430,2021,NULL,442,1,4,2),(1431,2026,NULL,442,1,4,2),(1432,2018,NULL,443,1,4,2),(1433,2021,NULL,443,1,4,2),(1434,2026,NULL,443,1,4,2),(1435,2018,NULL,444,1,4,2),(1436,2021,NULL,444,1,4,2),(1437,2026,NULL,444,1,4,2),(1438,2018,NULL,445,1,4,2),(1439,2021,NULL,445,1,4,2),(1440,2026,NULL,445,1,4,2),(1441,2018,NULL,446,1,4,1),(1442,2023,NULL,446,2,4,1),(1443,2026,NULL,446,2,4,1),(1444,2018,NULL,447,1,4,1),(1445,2023,NULL,447,2,4,1),(1446,2026,NULL,447,2,4,1),(1447,2020,NULL,448,1,4,2),(1448,2025,NULL,448,2,4,2),(1449,2026,NULL,448,2,4,2),(1450,2015,NULL,449,1,4,1),(1451,2021,NULL,449,2,4,1),(1452,2026,NULL,449,2,4,1),(1453,2018,NULL,450,1,4,1),(1454,2023,NULL,450,2,4,1),(1455,2026,NULL,450,2,4,1),(1456,2016,NULL,451,1,4,1),(1457,2021,NULL,451,2,4,1),(1458,2026,NULL,451,2,4,1),(1459,2016,NULL,452,1,4,2),(1460,2021,NULL,452,2,4,2),(1461,2026,NULL,452,2,4,2),(1462,2018,NULL,453,1,4,1),(1463,2023,NULL,453,2,4,1),(1464,2026,NULL,453,2,4,1),(1465,2018,NULL,454,1,4,1),(1466,2023,NULL,454,2,4,1),(1467,2026,NULL,454,2,4,1),(1468,2020,NULL,455,2,4,1),(1469,2021,NULL,455,2,4,1),(1470,2026,NULL,455,2,4,1),(1471,2020,NULL,456,2,4,1),(1472,2021,NULL,456,2,4,1),(1473,2026,NULL,456,2,4,1),(1474,2020,NULL,457,2,4,1),(1475,2021,NULL,457,2,4,1),(1476,2026,NULL,457,2,4,1),(1477,2015,NULL,1,4,1,1),(1478,2015,NULL,2,4,1,1),(1479,2015,NULL,3,4,1,1),(1480,2015,NULL,4,4,1,1),(1481,2015,NULL,5,4,1,1),(1482,2015,NULL,6,4,1,1),(1483,2015,NULL,7,4,1,1),(1484,2015,NULL,8,4,1,1),(1485,2015,NULL,9,4,1,1),(1486,2015,NULL,10,4,1,1),(1487,2015,NULL,11,4,1,1),(1488,2015,NULL,12,4,1,1),(1489,2015,NULL,13,4,1,1),(1490,2015,NULL,14,4,1,1),(1491,2015,NULL,15,4,1,1),(1492,2015,NULL,16,4,1,1),(1493,2015,NULL,17,4,1,1),(1494,2015,NULL,18,4,1,1),(1495,2015,NULL,19,4,1,1),(1496,2015,NULL,20,4,1,1),(1497,2015,NULL,21,4,1,1),(1498,2015,NULL,22,4,1,1),(1499,2015,NULL,23,4,1,1),(1500,2015,NULL,24,4,1,1),(1501,2015,NULL,25,4,1,1),(1502,2015,NULL,26,4,1,1),(1503,2015,NULL,27,4,1,1),(1504,2015,NULL,28,4,1,1),(1505,2015,NULL,29,4,1,1),(1506,2015,NULL,59,4,1,1),(1507,2015,NULL,60,4,1,1),(1508,2015,NULL,62,4,1,1),(1509,2015,NULL,63,4,1,1),(1510,2015,NULL,64,4,1,1),(1511,2015,NULL,65,4,1,1),(1512,2015,NULL,67,4,1,1),(1513,2015,NULL,68,4,1,1),(1514,2015,NULL,69,4,1,1),(1515,2015,NULL,70,4,1,1),(1516,2015,NULL,71,4,1,1),(1517,2015,NULL,72,4,1,1),(1518,2015,NULL,73,4,1,1),(1519,2015,NULL,74,4,1,1),(1520,2015,NULL,75,4,1,1),(1521,2015,NULL,76,4,1,1),(1522,2015,NULL,77,4,1,1),(1523,2015,NULL,78,4,1,1),(1524,2015,NULL,79,4,1,1),(1525,2015,NULL,80,4,1,1),(1526,2015,NULL,81,4,1,1),(1527,2015,NULL,82,4,1,1),(1528,2015,NULL,83,4,1,1),(1529,2015,NULL,84,4,1,1),(1530,2015,NULL,85,4,1,1),(1531,2015,NULL,86,4,1,1),(1532,2015,NULL,87,4,1,1),(1533,2015,NULL,88,4,1,1),(1534,2015,NULL,89,4,1,1),(1535,2015,NULL,90,4,1,1),(1536,2015,NULL,91,4,1,1),(1537,2015,NULL,92,4,1,1),(1538,2015,NULL,93,4,1,1),(1539,2015,NULL,94,4,1,1),(1540,2015,NULL,95,4,1,1),(1541,2015,NULL,98,4,1,1),(1542,2015,NULL,103,4,1,1),(1543,2015,NULL,133,4,1,1),(1544,2015,NULL,134,4,1,1),(1545,2015,NULL,135,4,1,1),(1546,2015,NULL,136,4,1,1),(1547,2015,NULL,137,4,1,1),(1548,2015,NULL,138,4,1,1),(1549,2015,NULL,139,4,1,1),(1550,2015,NULL,140,4,1,1),(1551,2015,NULL,141,4,1,1),(1552,2015,NULL,142,4,1,1),(1553,2015,NULL,143,4,1,1),(1554,2015,NULL,144,4,1,1),(1555,2015,NULL,145,4,1,1),(1556,2015,NULL,146,4,1,1),(1557,2015,NULL,147,4,1,1),(1558,2015,NULL,148,4,1,1),(1559,2015,NULL,149,4,1,1),(1560,2015,NULL,150,4,1,1),(1561,2015,NULL,151,4,1,1),(1562,2015,NULL,152,4,1,1),(1563,2015,NULL,153,4,1,1),(1564,2015,NULL,154,4,1,1),(1565,2015,NULL,155,4,1,1),(1566,2015,NULL,156,4,1,1),(1567,2015,NULL,157,4,1,1),(1568,2015,NULL,158,4,1,1),(1569,2015,NULL,159,4,1,1),(1570,2015,NULL,160,4,1,1),(1571,2015,NULL,161,4,1,1),(1572,2015,NULL,162,4,1,1),(1573,2015,NULL,163,4,1,1),(1574,2015,NULL,164,4,1,1),(1575,2015,NULL,165,4,1,1),(1576,2015,NULL,166,4,1,1),(1577,2015,NULL,167,4,1,1),(1578,2015,NULL,168,4,1,1),(1579,2015,NULL,169,4,1,1),(1580,2015,NULL,170,4,1,1),(1581,2015,NULL,171,4,1,1),(1582,2015,NULL,172,4,1,1),(1583,2015,NULL,173,4,1,1),(1584,2015,NULL,174,4,1,1),(1585,2015,NULL,175,4,1,1),(1586,2015,NULL,176,4,1,1),(1587,2015,NULL,177,4,1,1),(1588,2015,NULL,178,4,1,1),(1589,2015,NULL,179,4,1,1),(1590,2015,NULL,180,4,1,1),(1591,2015,NULL,181,4,1,1),(1592,2015,NULL,182,4,1,1),(1593,2015,NULL,183,4,1,1),(1594,2015,NULL,184,4,1,1),(1595,2015,NULL,185,4,1,1),(1596,2015,NULL,186,4,1,1),(1597,2015,NULL,187,4,1,1),(1598,2015,NULL,188,4,1,1),(1599,2015,NULL,189,4,1,1),(1600,2015,NULL,190,4,1,1),(1601,2015,NULL,191,4,1,1),(1602,2015,NULL,192,4,1,1),(1603,2015,NULL,193,4,1,1),(1604,2015,NULL,194,4,1,1),(1605,2015,NULL,195,4,1,1),(1606,2015,NULL,196,4,1,1),(1607,2015,NULL,197,4,1,1),(1608,2015,NULL,198,4,1,1),(1609,2015,NULL,199,4,1,1),(1610,2015,NULL,200,4,1,1),(1611,2015,NULL,201,4,1,1),(1612,2015,NULL,202,4,1,1),(1613,2015,NULL,203,4,1,1),(1614,2015,NULL,204,4,1,1),(1615,2015,NULL,205,4,1,1),(1616,2015,NULL,206,4,1,1),(1617,2015,NULL,207,4,1,1),(1618,2015,NULL,208,4,1,1),(1619,2015,NULL,209,4,1,1),(1620,2015,NULL,210,4,1,1),(1621,2015,NULL,211,4,1,1),(1622,2015,NULL,212,4,1,1),(1623,2015,NULL,213,4,1,1),(1624,2015,NULL,214,4,1,1),(1625,2015,NULL,215,4,1,1),(1626,2015,NULL,216,4,1,1),(1627,2015,NULL,217,4,1,1),(1628,2015,NULL,218,4,1,1),(1629,2015,NULL,219,4,1,1),(1630,2015,NULL,220,4,1,1),(1631,2015,NULL,221,4,1,1),(1632,2015,NULL,222,4,1,1),(1633,2015,NULL,223,4,1,1),(1634,2015,NULL,224,4,1,1),(1635,2015,NULL,225,4,1,1),(1636,2015,NULL,226,4,1,1),(1637,2015,NULL,227,4,1,1),(1638,2015,NULL,228,4,1,1),(1639,2015,NULL,229,4,1,1),(1640,2015,NULL,230,4,1,1),(1641,2015,NULL,231,4,1,1),(1642,2015,NULL,232,4,1,1),(1643,2015,NULL,233,4,1,1),(1644,2015,NULL,234,4,1,1),(1645,2015,NULL,235,4,1,1),(1646,2015,NULL,236,4,1,1),(1647,2015,NULL,237,4,1,1),(1648,2015,NULL,238,4,1,1),(1649,2015,NULL,239,4,1,1),(1650,2015,NULL,240,4,1,1),(1651,2015,NULL,241,4,1,1),(1652,2015,NULL,242,4,1,1),(1653,2015,NULL,243,4,1,1),(1654,2015,NULL,244,4,1,1),(1655,2015,NULL,245,4,1,1),(1656,2015,NULL,246,4,1,1),(1657,2015,NULL,247,4,1,1),(1658,2015,NULL,248,4,1,1),(1659,2015,NULL,249,4,1,1),(1660,2015,NULL,250,4,1,1),(1661,2015,NULL,251,4,1,1),(1662,2015,NULL,252,4,1,1),(1663,2015,NULL,253,4,1,1),(1664,2015,NULL,254,4,1,1),(1665,2015,NULL,255,4,1,1),(1666,2015,NULL,256,4,1,1),(1667,2015,NULL,257,4,1,1),(1668,2015,NULL,258,4,1,1),(1669,2015,NULL,259,4,1,1),(1670,2015,NULL,260,4,1,1),(1671,2015,NULL,261,4,1,1),(1672,2015,NULL,262,4,1,1),(1673,2015,NULL,263,4,1,1),(1674,2015,NULL,264,4,1,1),(1675,2015,NULL,265,4,1,1),(1676,2015,NULL,266,4,1,1),(1677,2015,NULL,267,4,1,1),(1678,2015,NULL,268,4,1,1),(1679,2015,NULL,269,4,1,1),(1680,2015,NULL,270,4,1,1),(1681,2015,NULL,271,4,1,1),(1682,2015,NULL,272,4,1,1),(1683,2015,NULL,273,4,1,1),(1684,2015,NULL,274,4,1,1),(1685,2015,NULL,275,4,1,1),(1686,2015,NULL,276,4,1,1),(1687,2015,NULL,277,4,1,1),(1688,2015,NULL,278,4,1,1),(1689,2015,NULL,279,4,1,1),(1690,2015,NULL,280,4,1,1),(1691,2015,NULL,281,4,1,1),(1692,2015,NULL,282,4,1,1),(1693,2015,NULL,283,4,1,1),(1694,2015,NULL,284,4,1,1),(1695,2015,NULL,285,4,1,1),(1696,2015,NULL,286,4,1,1),(1697,2015,NULL,287,4,1,1),(1698,2015,NULL,288,4,1,1),(1699,2015,NULL,289,4,1,1),(1700,2015,NULL,290,4,1,1),(1701,2015,NULL,291,4,1,1),(1702,2015,NULL,292,4,1,1),(1703,2015,NULL,293,4,1,1),(1704,2015,NULL,294,4,1,1),(1705,2015,NULL,295,4,1,1),(1706,2015,NULL,296,4,1,1),(1707,2015,NULL,297,4,1,1),(1708,2015,NULL,298,4,1,1),(1709,2015,NULL,299,4,1,1),(1710,2015,NULL,300,4,1,1),(1711,2015,NULL,301,4,1,1),(1712,2015,NULL,302,4,1,1),(1713,2015,NULL,303,4,1,1),(1714,2015,NULL,304,4,1,1),(1715,2015,NULL,305,4,1,1),(1716,2015,NULL,306,4,1,1),(1717,2015,NULL,307,4,1,1),(1718,2015,NULL,308,4,1,1),(1719,2015,NULL,309,4,1,1),(1720,2015,NULL,310,4,1,1),(1721,2015,NULL,311,4,1,1),(1722,2015,NULL,312,4,1,1),(1723,2015,NULL,313,4,1,1),(1724,2015,NULL,314,4,1,1),(1725,2015,NULL,315,4,1,1),(1726,2015,NULL,316,4,1,1),(1727,2015,NULL,317,4,1,1),(1728,2015,NULL,318,4,1,1),(1729,2015,NULL,319,4,1,1),(1730,2015,NULL,320,4,1,1),(1731,2015,NULL,321,4,1,1),(1732,2015,NULL,322,4,1,1),(1733,2015,NULL,323,4,1,1),(1734,2015,NULL,324,4,1,1),(1735,2015,NULL,325,4,1,1),(1736,2015,NULL,326,4,1,1),(1737,2015,NULL,327,4,1,1),(1738,2015,NULL,328,4,1,1),(1739,2015,NULL,329,4,1,1),(1740,2015,NULL,330,4,1,1),(1741,2015,NULL,331,4,1,1),(1742,2015,NULL,332,4,1,1),(1743,2015,NULL,333,4,1,1),(1744,2015,NULL,334,4,1,1),(1745,2015,NULL,335,4,1,1),(1746,2015,NULL,336,4,1,1),(1747,2015,NULL,337,4,1,1),(1748,2015,NULL,338,4,1,1),(1749,2015,NULL,339,4,1,1),(1750,2015,NULL,340,4,1,1),(1751,2015,NULL,341,4,1,1),(1752,2015,NULL,342,4,1,1),(1753,2015,NULL,343,4,1,1),(1754,2015,NULL,344,4,1,1),(1755,2015,NULL,345,4,1,1),(1756,2015,NULL,346,4,1,1),(1757,2015,NULL,347,4,1,1),(1758,2015,NULL,348,4,1,1),(1759,2015,NULL,349,4,1,1),(1760,2015,NULL,350,4,1,1),(1761,2015,NULL,351,4,1,1),(1762,2015,NULL,352,4,1,1),(1763,2015,NULL,353,4,1,1),(1764,2015,NULL,354,4,1,1),(1765,2015,NULL,355,4,1,1),(1766,2015,NULL,356,4,1,1),(1767,2015,NULL,357,4,1,1),(1768,2015,NULL,358,4,1,1),(1769,2015,NULL,359,4,1,1),(1770,2015,NULL,360,4,1,1),(1771,2015,NULL,361,4,1,1),(1772,2015,NULL,362,4,1,1),(1773,2015,NULL,363,4,1,1),(1774,2015,NULL,364,4,1,1),(1775,2015,NULL,365,4,1,1),(1776,2015,NULL,366,4,1,1),(1777,2015,NULL,367,4,1,1),(1778,2015,NULL,368,4,1,1),(1779,2015,NULL,369,4,1,1),(1780,2015,NULL,370,4,1,1),(1781,2015,NULL,371,4,1,1),(1782,2015,NULL,372,4,1,1),(1783,2015,NULL,373,4,1,1),(1784,2015,NULL,374,4,1,1),(1785,2015,NULL,375,4,1,1),(1786,2015,NULL,376,4,1,1),(1787,2015,NULL,377,4,1,1),(1788,2015,NULL,378,4,1,1),(1789,2015,NULL,379,4,1,1),(1790,2015,NULL,380,4,1,1),(1791,2015,NULL,381,4,1,1),(1792,2015,NULL,382,4,1,1),(1793,2015,NULL,383,4,1,1),(1794,2015,NULL,384,4,1,1),(1795,2015,NULL,385,4,1,1),(1796,2015,NULL,386,4,1,1),(1797,2015,NULL,387,4,1,1),(1798,2015,NULL,388,4,1,1),(1799,2015,NULL,389,4,1,1),(1800,2015,NULL,390,4,1,1),(1801,2015,NULL,391,4,1,1),(1802,2015,NULL,392,4,1,1),(1803,2015,NULL,393,4,1,1),(1804,2015,NULL,394,4,1,1),(1805,2015,NULL,395,4,1,1),(1806,2015,NULL,396,4,1,1),(1807,2015,NULL,397,4,1,1),(1808,2015,NULL,398,4,1,1),(1809,2015,NULL,399,4,1,1),(1810,2015,NULL,400,4,1,1),(1811,2015,NULL,401,4,1,1),(1812,2015,NULL,402,4,1,1),(1813,2015,NULL,403,4,1,1),(1814,2015,NULL,404,4,1,1),(1815,2015,NULL,405,4,1,1),(1816,2015,NULL,406,4,1,1),(1817,2015,NULL,407,4,1,1),(1818,2015,NULL,408,4,1,1),(1819,2015,NULL,409,4,1,1),(1820,2015,NULL,410,4,1,1),(1821,2015,NULL,411,4,1,1),(1822,2015,NULL,412,4,1,1),(1823,2015,NULL,413,4,1,1),(1824,2015,NULL,414,4,1,1),(1825,2015,NULL,415,4,1,1),(1826,2015,NULL,416,4,1,1),(1827,2015,NULL,417,4,1,1),(1828,2015,NULL,418,4,1,1),(1829,2015,NULL,419,4,1,1),(1830,2015,NULL,420,4,1,1),(1831,2015,NULL,421,4,1,1),(1832,2015,NULL,422,4,1,1),(1833,2015,NULL,423,4,1,1),(1834,2015,NULL,424,4,1,1),(1835,2015,NULL,425,4,1,1),(1836,2015,NULL,426,4,1,1),(1837,2015,NULL,427,4,1,1),(1838,2015,NULL,428,4,1,1),(1839,2015,NULL,429,4,1,1),(1840,2015,NULL,430,4,1,1),(1841,2015,NULL,431,4,1,1),(1842,2015,NULL,432,4,1,1),(1843,2015,NULL,433,4,1,1),(1844,2015,NULL,434,4,1,1),(1845,2015,NULL,435,4,1,1),(1846,2015,NULL,436,4,1,1),(1847,2015,NULL,437,4,1,1),(1848,2015,NULL,438,4,1,1),(1849,2015,NULL,439,4,1,1),(1850,2015,NULL,440,4,1,1),(1851,2015,NULL,441,4,1,1),(1852,2015,NULL,442,4,1,1),(1853,2015,NULL,443,4,1,1),(1854,2015,NULL,444,4,1,1),(1855,2015,NULL,445,4,1,1),(1856,2015,NULL,446,4,1,1),(1857,2015,NULL,447,4,1,1),(1858,2015,NULL,448,4,1,1),(1859,2015,NULL,449,4,1,1),(1860,2015,NULL,450,4,1,1),(1861,2015,NULL,451,4,1,1),(1862,2015,NULL,452,4,1,1),(1863,2015,NULL,453,4,1,1),(1864,2015,NULL,454,4,1,1),(1865,2015,NULL,455,4,1,1),(1866,2015,NULL,456,4,1,1),(1867,2015,NULL,457,4,1,1),(1868,2015,NULL,458,4,1,1),(1869,2015,NULL,459,4,1,1),(1870,2015,NULL,460,4,1,1),(1871,2015,NULL,461,4,1,1),(1872,2015,NULL,462,4,1,1),(1873,2015,NULL,463,4,1,1),(1874,2015,NULL,464,4,1,1),(1875,2015,NULL,465,4,1,1),(1876,2015,NULL,466,4,1,1),(1877,2015,NULL,467,4,1,1),(1878,2015,NULL,468,4,1,1),(1879,2015,NULL,469,4,1,1),(1880,2015,NULL,470,4,1,1),(1881,2015,NULL,471,4,1,1),(1882,2015,NULL,472,4,1,1),(1883,2015,NULL,473,4,1,1),(1884,2015,NULL,474,4,1,1),(1885,2015,NULL,475,4,1,1),(1886,2015,NULL,476,4,1,1),(1887,2015,NULL,477,4,1,1),(1888,2015,NULL,478,4,1,1),(1889,2015,NULL,500,4,1,1),(1890,2015,NULL,501,4,1,1),(1891,2015,NULL,502,4,1,1),(1892,2015,NULL,503,4,1,1),(1893,2015,NULL,504,4,1,1),(1894,2015,NULL,505,4,1,1),(1895,2015,NULL,506,4,1,1),(1896,2015,NULL,507,4,1,1),(1897,2015,NULL,508,4,1,1),(1898,2015,NULL,509,4,1,1),(1899,2015,NULL,510,4,1,1),(1900,2015,NULL,511,4,1,1),(1901,2015,NULL,512,4,1,1),(1902,2015,NULL,513,4,1,1),(1903,2015,NULL,514,4,1,1),(1904,2015,NULL,515,4,1,1),(1905,2015,NULL,516,4,1,1),(1906,2015,NULL,517,4,1,1),(1907,2015,NULL,518,4,1,1),(1908,2015,NULL,519,4,1,1),(1909,2015,NULL,520,4,1,1),(1910,2015,NULL,521,4,1,1),(1911,2015,NULL,522,4,1,1),(1912,2015,NULL,523,4,1,1),(1913,2015,NULL,524,4,1,1),(1914,2015,NULL,525,4,1,1),(1915,2015,NULL,526,4,1,1),(1916,2015,NULL,527,4,1,1),(1917,2015,NULL,528,4,1,1),(1918,2015,NULL,529,4,1,1),(1919,2015,NULL,530,4,1,1),(1920,2015,NULL,531,4,1,1),(1921,2015,NULL,532,4,1,1),(1922,2015,NULL,533,4,1,1),(1923,2015,NULL,534,4,1,1),(1924,2015,NULL,535,4,1,1),(1925,2015,NULL,536,4,1,1),(1926,2015,NULL,537,4,1,1),(1927,2015,NULL,538,4,1,1),(1928,2015,NULL,539,4,1,1),(1929,2015,NULL,540,4,1,1),(1930,2015,NULL,541,4,1,1),(1931,2015,NULL,542,4,1,1),(1932,2015,NULL,543,4,1,1),(1933,2015,NULL,544,4,1,1),(1934,2015,NULL,545,4,1,1),(1935,2015,NULL,546,4,1,1),(1936,2015,NULL,547,4,1,1),(1937,2015,NULL,548,4,1,1),(1938,2015,NULL,549,4,1,1),(1939,2015,NULL,550,4,1,1),(1940,2015,NULL,551,4,1,1),(1941,2015,NULL,552,4,1,1),(1942,2015,NULL,553,4,1,1),(1943,2015,NULL,554,4,1,1),(1944,2015,NULL,555,4,1,1),(1945,2015,NULL,556,4,1,1),(1946,2015,NULL,557,4,1,1),(1947,2015,NULL,558,4,1,1),(1948,2015,NULL,559,4,1,1),(1949,2015,NULL,560,4,1,1),(1950,2015,NULL,561,4,1,1),(1951,2015,NULL,562,4,1,1),(1952,2015,NULL,563,4,1,1),(1953,2015,NULL,564,4,1,1),(1954,2015,NULL,565,4,1,1),(1955,2015,NULL,566,4,1,1),(1956,2015,NULL,567,4,1,1),(1957,2015,NULL,568,4,1,1),(1958,2015,NULL,569,4,1,1),(1959,2015,NULL,570,4,1,1),(1960,2015,NULL,571,4,1,1),(1961,2015,NULL,572,4,1,1),(1962,2015,NULL,573,4,1,1),(1963,2015,NULL,574,4,1,1),(1964,2015,NULL,575,4,1,1),(1965,2015,NULL,576,4,1,1),(1966,2015,NULL,577,4,1,1),(1967,2015,NULL,578,4,1,1),(1968,2015,NULL,579,4,1,1),(1969,2015,NULL,580,4,1,1),(1970,2015,NULL,581,4,1,1),(1971,2015,NULL,582,4,1,1),(1972,2015,NULL,583,4,1,1),(1973,2015,NULL,584,4,1,1),(1974,2015,NULL,585,4,1,1),(1975,2015,NULL,586,4,1,1),(1976,2015,NULL,588,4,1,1),(1977,2015,NULL,589,4,1,1),(1978,2015,NULL,590,4,1,1),(1979,2015,NULL,591,4,1,1),(1980,2015,NULL,592,4,1,1),(1981,2015,NULL,593,4,1,1),(1982,2015,NULL,594,4,1,1),(1983,2015,NULL,595,4,1,1),(1984,2015,NULL,596,4,1,1),(1985,2015,NULL,597,4,1,1),(1986,2015,NULL,598,4,1,1),(1987,2015,NULL,599,4,1,1),(1988,2015,NULL,600,4,1,1),(1989,2015,NULL,601,4,1,1),(1990,2015,NULL,602,4,1,1),(1991,2015,NULL,603,4,1,1),(1992,2015,NULL,604,4,1,1),(1993,2015,NULL,605,4,1,1),(1994,2015,NULL,606,4,1,1),(1995,2015,NULL,607,4,1,1),(1996,2015,NULL,608,4,1,1),(1997,2015,NULL,609,4,1,1),(1998,2015,NULL,610,4,1,1),(1999,2015,NULL,611,4,1,1),(2000,2015,NULL,612,4,1,1),(2001,2015,NULL,613,4,1,1),(2002,2015,NULL,614,4,1,1),(2003,2015,NULL,615,4,1,1),(2004,2015,NULL,616,4,1,1),(2005,2015,NULL,617,4,1,1),(2006,2015,NULL,618,4,1,1),(2007,2015,NULL,671,4,1,1),(2008,2015,NULL,672,4,1,1),(2009,2015,NULL,673,4,1,1),(2010,2015,NULL,674,4,1,1),(2011,2015,NULL,675,4,1,1),(2012,2015,NULL,676,4,1,1),(2013,2015,NULL,677,4,1,1),(2014,2015,NULL,678,4,1,1),(2015,2015,NULL,679,4,1,1),(2016,2015,NULL,680,4,1,1),(2017,2015,NULL,681,4,1,1),(2018,2015,NULL,682,4,1,1),(2019,2015,NULL,683,4,1,1),(2020,2015,NULL,684,4,1,1),(2021,2015,NULL,685,4,1,1),(2022,2015,NULL,686,4,1,1),(2023,2015,NULL,687,4,1,1),(2024,2015,NULL,688,4,1,1),(2025,2015,NULL,689,4,1,1),(2026,2015,NULL,690,4,1,1),(2027,2015,NULL,691,4,1,1),(2028,2015,NULL,692,4,1,1),(2029,2015,NULL,693,4,1,1),(2030,2015,NULL,694,4,1,1),(2031,2015,NULL,695,4,1,1),(2032,2015,NULL,696,4,1,1),(2033,2015,NULL,697,4,1,1),(2034,2015,NULL,698,4,1,1),(2035,2015,NULL,699,4,1,1),(2036,2015,NULL,700,4,1,1),(2037,2015,NULL,701,4,1,1),(2038,2015,NULL,702,4,1,1),(2039,2015,NULL,703,4,1,1),(2040,2015,NULL,704,4,1,1),(2041,2015,NULL,705,4,1,1),(2042,2015,NULL,706,4,1,1),(2043,2015,NULL,707,4,1,1),(2044,2015,NULL,708,4,1,1),(2045,2015,NULL,709,4,1,1),(2046,2015,NULL,710,4,1,1),(2047,2015,NULL,711,4,1,1),(2048,2015,NULL,712,4,1,1),(2049,2015,NULL,713,4,1,1),(2050,2015,NULL,714,4,1,1),(2051,2015,NULL,715,4,1,1),(2052,2015,NULL,716,4,1,1),(2053,2015,NULL,717,4,1,1),(2054,2015,NULL,718,4,1,1),(2055,2015,NULL,719,4,1,1),(2056,2015,NULL,720,4,1,1),(2057,2015,NULL,721,4,1,1),(2058,2015,NULL,722,4,1,1),(2059,2015,NULL,723,4,1,1),(2060,2015,NULL,724,4,1,1),(2061,2015,NULL,725,4,1,1),(2062,2015,NULL,726,4,1,1),(2063,2015,NULL,727,4,1,1),(2064,2015,NULL,728,4,1,1),(2065,2015,NULL,729,4,1,1),(2066,2015,NULL,730,4,1,1),(2067,2015,NULL,731,4,1,1),(2068,2015,NULL,732,4,1,1),(2069,2015,NULL,733,4,1,1),(2070,2015,NULL,734,4,1,1),(2071,2015,NULL,735,4,1,1),(2072,2015,NULL,736,4,1,1),(2073,2015,NULL,737,4,1,1),(2074,2015,NULL,738,4,1,1),(2075,2015,NULL,739,4,1,1),(2076,2015,NULL,740,4,1,1),(2077,2015,NULL,741,4,1,1),(2078,2015,NULL,742,4,1,1),(2079,2015,NULL,743,4,1,1),(2080,2015,NULL,744,4,1,1),(2081,2015,NULL,745,4,1,1),(2082,2015,NULL,746,4,1,1),(2083,2015,NULL,747,4,1,1),(2084,2015,NULL,748,4,1,1),(2085,2015,NULL,749,4,1,1),(2086,2015,NULL,750,4,1,1),(2087,2015,NULL,751,4,1,1),(2088,2015,NULL,752,4,1,1),(2089,2015,NULL,753,4,1,1),(2090,2015,NULL,754,4,1,1),(2091,2015,NULL,755,4,1,1),(2092,2015,NULL,756,4,1,1),(2093,2015,NULL,757,4,1,1),(2094,2015,NULL,758,4,1,1),(2095,2015,NULL,759,4,1,1),(2096,2015,NULL,760,4,1,1),(2097,2015,NULL,761,4,1,1),(2098,2015,NULL,762,4,1,1),(2099,2015,NULL,763,4,1,1),(2100,2015,NULL,764,4,1,1),(2101,2015,NULL,765,4,1,1),(2102,2015,NULL,766,4,1,1),(2103,2015,NULL,767,4,1,1),(2104,2015,NULL,768,4,1,1),(2105,2015,NULL,769,4,1,1),(2106,2015,NULL,770,4,1,1),(2107,2015,NULL,771,4,1,1),(2108,2015,NULL,772,4,1,1),(2109,2015,NULL,773,4,1,1),(2110,2015,NULL,774,4,1,1),(2111,2015,NULL,775,4,1,1),(2112,2015,NULL,776,4,1,1),(2113,2015,NULL,777,4,1,1),(2114,2015,NULL,778,4,1,1),(2115,2015,NULL,779,4,1,1),(2116,2015,NULL,780,4,1,1),(2117,2015,NULL,781,4,1,1),(2118,2015,NULL,782,4,1,1),(2119,2015,NULL,783,4,1,1),(2120,2015,NULL,784,4,1,1),(2121,2015,NULL,785,4,1,1),(2122,2015,NULL,786,4,1,1),(2123,2015,NULL,787,4,1,1),(2124,2015,NULL,788,4,1,1),(2125,2015,NULL,789,4,1,1),(2126,2015,NULL,790,4,1,1),(2127,2015,NULL,791,4,1,1),(2128,2015,NULL,792,4,1,1),(2129,2015,NULL,793,4,1,1),(2130,2015,NULL,794,4,1,1),(2131,2015,NULL,795,4,1,1),(2132,2015,NULL,796,4,1,1),(2133,2015,NULL,797,4,1,1),(2134,2015,NULL,798,4,1,1),(2135,2015,NULL,799,4,1,1),(2136,2015,NULL,800,4,1,1),(2137,2015,NULL,801,4,1,1),(2138,2015,NULL,802,4,1,1),(2139,2015,NULL,803,4,1,1),(2140,2015,NULL,804,4,1,1),(2141,2015,NULL,805,4,1,1),(2142,2015,NULL,806,4,1,1),(2143,2015,NULL,807,4,1,1),(2144,2015,NULL,808,4,1,1),(2145,2015,NULL,809,4,1,1),(2146,2015,NULL,810,4,1,1),(2147,2015,NULL,811,4,1,1),(2148,2015,NULL,812,4,1,1),(2149,2015,NULL,813,4,1,1),(2150,2015,NULL,814,4,1,1),(2151,2015,NULL,815,4,1,1),(2152,2015,NULL,816,4,1,1),(2153,2015,NULL,817,4,1,1),(2154,2015,NULL,818,4,1,1),(2155,2015,NULL,819,4,1,1),(2156,2015,NULL,820,4,1,1),(2157,2015,NULL,821,4,1,1),(2158,2015,NULL,822,4,1,1),(2159,2015,NULL,823,4,1,1),(2160,2015,NULL,824,4,1,1),(2161,2015,NULL,825,4,1,1),(2162,2015,NULL,826,4,1,1),(2163,2015,NULL,827,4,1,1),(2164,2015,NULL,828,4,1,1),(2165,2015,NULL,829,4,1,1),(2166,2015,NULL,830,4,1,1),(2167,2015,NULL,831,4,1,1),(2168,2015,NULL,832,4,1,1),(2169,2015,NULL,833,4,1,1),(2170,2015,NULL,834,4,1,1),(2171,2015,NULL,835,4,1,1),(2172,2015,NULL,836,4,1,1),(2173,2015,NULL,837,4,1,1),(2174,2015,NULL,838,4,1,1),(2175,2015,NULL,839,4,1,1),(2176,2015,NULL,840,4,1,1),(2177,2015,NULL,841,4,1,1),(2178,2015,NULL,842,4,1,1),(2179,2015,NULL,843,4,1,1),(2180,2015,NULL,844,4,1,1),(2181,2015,NULL,845,4,1,1),(2182,2015,NULL,846,4,1,1),(2183,2015,NULL,847,4,1,1),(2184,2015,NULL,848,4,1,1),(2185,2015,NULL,849,4,1,1),(2186,2015,NULL,850,4,1,1),(2187,2015,NULL,851,4,1,1),(2188,2015,NULL,852,4,1,1),(2189,2015,NULL,853,4,1,1),(2190,2015,NULL,854,4,1,1),(2191,2015,NULL,855,4,1,1),(2192,2015,NULL,856,4,1,1),(2193,2015,NULL,857,4,1,1),(2194,2015,NULL,858,4,1,1),(2195,2015,NULL,859,4,1,1),(2196,2015,NULL,860,4,1,1),(2197,2015,NULL,861,4,1,1),(2198,2015,NULL,862,4,1,1),(2199,2015,NULL,863,4,1,1),(2200,2015,NULL,864,4,1,1),(2201,2015,NULL,865,4,1,1),(2202,2015,NULL,866,4,1,1),(2203,2015,NULL,867,4,1,1),(2204,2015,NULL,868,4,1,1),(2205,2015,NULL,869,4,1,1),(2206,2015,NULL,870,4,1,1),(2207,2015,NULL,871,4,1,1),(2208,2015,NULL,872,4,1,1),(2209,2015,NULL,873,4,1,1),(2210,2015,NULL,874,4,1,1),(2211,2015,NULL,875,4,1,1),(2212,2015,NULL,876,4,1,1),(2213,2015,NULL,877,4,1,1),(2214,2015,NULL,878,4,1,1),(2215,2015,NULL,879,4,1,1),(2216,2015,NULL,880,4,1,1),(2217,2015,NULL,881,4,1,1),(2218,2015,NULL,882,4,1,1),(2219,2015,NULL,883,4,1,1),(2220,2015,NULL,884,4,1,1),(2221,2015,NULL,885,4,1,1),(2222,2015,NULL,886,4,1,1),(2223,2015,NULL,887,4,1,1),(2224,2015,NULL,888,4,1,1),(2225,2015,NULL,889,4,1,1),(2226,2015,NULL,890,4,1,1),(2227,2015,NULL,891,4,1,1),(2228,2015,NULL,892,4,1,1),(2229,2015,NULL,893,4,1,1),(2230,2015,NULL,894,4,1,1),(2231,2015,NULL,895,4,1,1),(2232,2015,NULL,896,4,1,1),(2233,2015,NULL,897,4,1,1),(2234,2015,NULL,898,4,1,1),(2235,2015,NULL,899,4,1,1),(2236,2015,NULL,900,4,1,1),(2237,2015,NULL,901,4,1,1),(2238,2015,NULL,902,4,1,1),(2239,2015,NULL,903,4,1,1),(2240,2015,NULL,904,4,1,1),(2241,2015,NULL,905,4,1,1),(2242,2015,NULL,906,4,1,1),(2243,2015,NULL,907,4,1,1),(2244,2015,NULL,908,4,1,1),(2245,2015,NULL,909,4,1,1),(2246,2015,NULL,910,4,1,1),(2247,2015,NULL,911,4,1,1),(2248,2015,NULL,912,4,1,1),(2249,2015,NULL,913,4,1,1),(2250,2015,NULL,914,4,1,1),(2251,2015,NULL,915,4,1,1),(2252,2015,NULL,916,4,1,1),(2253,2015,NULL,917,4,1,1),(2254,2015,NULL,918,4,1,1),(2255,2015,NULL,919,4,1,1),(2256,2015,NULL,920,4,1,1),(2257,2015,NULL,921,4,1,1),(2258,2015,NULL,922,4,1,1),(2259,2015,NULL,923,4,1,1),(2260,2015,NULL,924,4,1,1),(2261,2015,NULL,925,4,1,1),(2262,2015,NULL,926,4,1,1),(2263,2015,NULL,927,4,1,1),(2264,2015,NULL,928,4,1,1),(2265,2015,NULL,929,4,1,1),(2266,2015,NULL,930,4,1,1),(2267,2015,NULL,931,4,1,1),(2268,2015,NULL,932,4,1,1),(2269,2015,NULL,933,4,1,1),(2270,2015,NULL,934,4,1,1),(2271,2015,NULL,935,4,1,1),(2272,2015,NULL,936,4,1,1),(2273,2015,NULL,937,4,1,1),(2274,2015,NULL,938,4,1,1),(2275,2015,NULL,939,4,1,1),(2276,2015,NULL,940,4,1,1),(2277,2015,NULL,941,4,1,1),(2278,2015,NULL,942,4,1,1),(2279,2015,NULL,943,4,1,1),(2280,2015,NULL,944,4,1,1),(2281,2015,NULL,945,4,1,1),(2282,2015,NULL,946,4,1,1),(2283,2015,NULL,947,4,1,1),(2284,2015,NULL,948,4,1,1),(2285,2015,NULL,949,4,1,1),(2286,2015,NULL,950,4,1,1),(2287,2015,NULL,951,4,1,1),(2288,2015,NULL,952,4,1,1),(2289,2015,NULL,953,4,1,1),(2290,2015,NULL,954,4,1,1),(2291,2015,NULL,955,4,1,1),(2292,2015,NULL,956,4,1,1),(2293,2015,NULL,957,4,1,1),(2294,2015,NULL,958,4,1,1),(2295,2015,NULL,959,4,1,1),(2296,2015,NULL,960,4,1,1),(2297,2015,NULL,961,4,1,1),(2298,2015,NULL,962,4,1,1),(2299,2015,NULL,963,4,1,1),(2300,2015,NULL,964,4,1,1),(2301,2015,NULL,965,4,1,1),(2302,2015,NULL,966,4,1,1),(2303,2015,NULL,967,4,1,1),(2304,2015,NULL,968,4,1,1),(2305,2015,NULL,969,4,1,1),(2306,2015,NULL,970,4,1,1),(2307,2015,NULL,971,4,1,1),(2308,2015,NULL,972,4,1,1),(2309,2015,NULL,973,4,1,1),(2310,2015,NULL,974,4,1,1),(2311,2015,NULL,975,4,1,1),(2312,2015,NULL,976,4,1,1),(2313,2015,NULL,977,4,1,1),(2314,2015,NULL,978,4,1,1),(2315,2015,NULL,979,4,1,1),(2316,2015,NULL,980,4,1,1),(2317,2015,NULL,981,4,1,1),(2318,2015,NULL,982,4,1,1),(2319,2015,NULL,983,4,1,1),(2320,2015,NULL,984,4,1,1),(2321,2015,NULL,985,4,1,1),(2322,2015,NULL,986,4,1,1),(2323,2015,NULL,987,4,1,1),(2324,2015,NULL,988,4,1,1),(2325,2015,NULL,989,4,1,1),(2326,2015,NULL,990,4,1,1),(2327,2015,NULL,991,4,1,1),(2328,2015,NULL,992,4,1,1),(2329,2015,NULL,993,4,1,1),(2330,2015,NULL,994,4,1,1),(2331,2015,NULL,995,4,1,1),(2332,2015,NULL,996,4,1,1),(2333,2015,NULL,997,4,1,1),(2334,2015,NULL,998,4,1,1),(2335,2015,NULL,999,4,1,1),(2336,2015,NULL,1000,4,1,1),(2337,2015,NULL,1001,4,1,1),(2338,2015,NULL,1002,4,1,1),(2339,2015,NULL,1003,4,1,1),(2340,2015,NULL,1004,4,1,1),(2341,2015,NULL,1005,4,1,1),(2342,2015,NULL,1006,4,1,1),(2343,2015,NULL,1007,4,1,1),(2344,2015,NULL,1008,4,1,1),(2345,2015,NULL,1009,4,1,1),(2346,2015,NULL,1010,4,1,1),(2347,2015,NULL,1011,4,1,1),(2348,2015,NULL,1012,4,1,1),(2349,2015,NULL,1013,4,1,1),(2350,2015,NULL,1014,4,1,1),(2351,2015,NULL,1015,4,1,1),(2352,2015,NULL,1016,4,1,1),(2353,2015,NULL,1017,4,1,1),(2354,2015,NULL,1018,4,1,1),(2355,2015,NULL,1019,4,1,1),(2356,2015,NULL,1020,4,1,1),(2357,2015,NULL,1021,4,1,1),(2358,2015,NULL,1022,4,1,1),(2359,2015,NULL,1023,4,1,1),(2360,2015,NULL,1024,4,1,1),(2361,2015,NULL,1025,4,1,1),(2362,2015,NULL,1026,4,1,1),(2363,2015,NULL,1027,4,1,1),(2364,2015,NULL,1028,4,1,1),(2365,2015,NULL,1029,4,1,1),(2366,2015,NULL,1030,4,1,1),(2367,2015,NULL,1031,4,1,1),(2368,2015,NULL,1032,4,1,1),(2369,2015,NULL,1033,4,1,1),(2370,2015,NULL,1034,4,1,1),(2371,2015,NULL,1035,4,1,1),(2372,2015,NULL,1036,4,1,1),(2373,2015,NULL,1037,4,1,1),(2374,2015,NULL,1038,4,1,1),(2375,2015,NULL,1039,4,1,1),(2376,2015,NULL,1040,4,1,1),(2377,2015,NULL,1041,4,1,1),(2378,2015,NULL,1042,4,1,1),(2379,2015,NULL,1043,4,1,1),(2380,2015,NULL,1044,4,1,1),(2381,2015,NULL,1045,4,1,1),(2382,2015,NULL,1046,4,1,1),(2383,2015,NULL,1047,4,1,1),(2384,2015,NULL,1048,4,1,1),(2385,2015,NULL,1049,4,1,1),(2386,2015,NULL,1050,4,1,1),(2387,2015,NULL,1051,4,1,1),(2388,2015,NULL,1052,4,1,1),(2389,2015,NULL,1053,4,1,1),(2390,2015,NULL,1054,4,1,1),(2391,2015,NULL,1055,4,1,1),(2392,2015,NULL,1056,4,1,1),(2393,2015,NULL,1057,4,1,1),(2394,2015,NULL,1058,4,1,1),(2395,2015,NULL,1059,4,1,1),(2396,2015,NULL,1060,4,1,1),(2397,2015,NULL,1061,4,1,1),(2398,2015,NULL,1062,4,1,1),(2399,2015,NULL,1063,4,1,1),(2400,2015,NULL,1064,4,1,1),(2401,2015,NULL,1065,4,1,1),(2402,2015,NULL,1066,4,1,1),(2403,2015,NULL,1067,4,1,1),(2404,2015,NULL,1068,4,1,1),(2405,2015,NULL,1069,4,1,1),(2406,2015,NULL,1070,4,1,1),(2407,2015,NULL,1071,4,1,1),(2408,2015,NULL,1072,4,1,1),(2409,2015,NULL,1073,4,1,1),(2410,2015,NULL,1074,4,1,1),(2411,2015,NULL,1075,4,1,1),(2412,2015,NULL,1076,4,1,1),(2413,2015,NULL,1077,4,1,1),(2414,2015,NULL,1078,4,1,1),(2415,2015,NULL,1079,4,1,1),(2416,2015,NULL,1080,4,1,1),(2417,2015,NULL,1081,4,1,1),(2418,2015,NULL,1082,4,1,1),(2419,2015,NULL,1083,4,1,1),(2420,2015,NULL,1084,4,1,1),(2421,2015,NULL,1085,4,1,1),(2422,2015,NULL,1086,4,1,1),(2423,2015,NULL,1087,4,1,1),(2424,2015,NULL,1088,4,1,1),(2425,2015,NULL,1089,4,1,1),(2426,2015,NULL,1090,4,1,1),(2427,2015,NULL,1091,4,1,1),(2428,2015,NULL,1092,4,1,1),(2429,2015,NULL,1093,4,1,1),(2430,2015,NULL,1094,4,1,1),(2431,2015,NULL,1095,4,1,1),(2432,2015,NULL,1096,4,1,1),(2433,2015,NULL,1097,4,1,1),(2434,2015,NULL,1098,4,1,1),(2435,2015,NULL,1099,4,1,1),(2436,2015,NULL,1100,4,1,1),(2437,2015,NULL,1101,4,1,1),(2438,2015,NULL,1102,4,1,1),(2439,2015,NULL,1103,4,1,1),(2440,2015,NULL,1104,4,1,1),(2441,2015,NULL,1105,4,1,1),(2442,2015,NULL,1107,4,1,1),(2443,2015,NULL,1108,4,1,1),(2444,2015,NULL,1109,4,1,1),(2445,2015,NULL,1110,4,1,1),(2446,2015,NULL,1111,4,1,1),(2447,2015,NULL,1112,4,1,1),(2448,2015,NULL,1113,4,1,1),(2449,2015,NULL,1114,4,1,1),(2450,2015,NULL,1115,4,1,1),(2451,2015,NULL,1116,4,1,1),(2452,2015,NULL,1117,4,1,1),(2453,2015,NULL,1118,4,1,1),(2454,2015,NULL,1119,4,1,1),(2455,2015,NULL,1120,4,1,1),(2456,2015,NULL,1121,4,1,1),(2457,2015,NULL,1122,4,1,1),(2458,2015,NULL,1123,4,1,1),(2459,2015,NULL,1124,4,1,1),(2460,2015,NULL,1125,4,1,1),(2461,2015,NULL,1126,4,1,1),(2462,2015,NULL,1127,4,1,1),(2463,2015,NULL,1128,4,1,1),(2464,2015,NULL,1129,4,1,1),(2465,2015,NULL,1130,4,1,1),(2466,2015,NULL,1131,4,1,1),(2467,2015,NULL,1132,4,1,1),(2468,2015,NULL,1133,4,1,1),(2469,2015,NULL,1134,4,1,1),(2470,2015,NULL,1135,4,1,1),(2471,2015,NULL,1136,4,1,1),(2472,2015,NULL,1137,4,1,1),(2473,2015,NULL,1138,4,1,1),(2474,2015,NULL,1139,4,1,1),(2475,2015,NULL,1140,4,1,1),(2476,2015,NULL,1141,4,1,1),(2477,2015,NULL,1142,4,1,1),(2478,2015,NULL,1143,4,1,1),(2479,2015,NULL,1144,4,1,1),(2480,2015,NULL,1145,4,1,1),(2481,2015,NULL,1146,4,1,1),(2482,2015,NULL,1147,4,1,1),(2483,2015,NULL,1148,4,1,1),(2484,2015,NULL,1149,4,1,1),(2485,2015,NULL,1150,4,1,1),(2486,2015,NULL,1151,4,1,1),(2487,2015,NULL,1152,4,1,1),(2488,2015,NULL,1153,4,1,1),(2489,2015,NULL,1154,4,1,1),(2490,2015,NULL,1155,4,1,1),(2491,2015,NULL,1156,4,1,1),(2492,2015,NULL,1157,4,1,1),(2493,2015,NULL,1158,4,1,1),(2494,2015,NULL,1159,4,1,1),(2495,2015,NULL,1160,4,1,1),(2496,2015,NULL,1161,4,1,1),(2497,2015,NULL,1162,4,1,1),(2498,2015,NULL,1163,4,1,1),(2499,2015,NULL,1164,4,1,1),(2500,2015,NULL,1165,4,1,1),(2501,2015,NULL,1166,4,1,1),(2502,2015,NULL,1167,4,1,1),(2503,2015,NULL,1168,4,1,1),(2504,2015,NULL,1169,4,1,1),(2505,2015,NULL,1171,4,1,1),(2506,2015,NULL,1172,4,1,1),(2507,2015,NULL,1173,4,1,1),(2508,2015,NULL,1174,4,1,1),(2509,2015,NULL,1175,4,1,1),(2510,2015,NULL,1176,4,1,1),(2511,2015,NULL,1177,4,1,1),(2512,2015,NULL,1178,4,1,1),(2513,2015,NULL,1179,4,1,1),(2514,2015,NULL,1180,4,1,1),(2515,2015,NULL,1181,4,1,1),(2516,2015,NULL,1182,4,1,1),(2517,2015,NULL,1183,4,1,1),(2518,2015,NULL,1184,4,1,1),(2519,2015,NULL,1185,4,1,1),(2520,2015,NULL,1186,4,1,1),(2521,2015,NULL,1187,4,1,1),(2522,2015,NULL,1188,4,1,1),(2523,2015,NULL,1189,4,1,1),(2524,2015,NULL,1190,4,1,1),(2525,2015,NULL,1191,4,1,1),(2526,2015,NULL,1192,4,1,1),(2527,2015,NULL,1196,4,1,1),(2528,2015,NULL,1197,4,1,1),(2529,2015,NULL,1198,4,1,1),(2530,2015,NULL,1199,4,1,1),(2531,2015,NULL,1200,4,1,1),(2532,2015,NULL,1201,4,1,1),(2533,2015,NULL,1202,4,1,1),(2534,2015,NULL,1203,4,1,1),(2535,2015,NULL,1204,4,1,1),(2536,2015,NULL,1205,4,1,1),(2537,2015,NULL,1206,4,1,1),(2538,2015,NULL,1207,4,1,1),(2539,2015,NULL,1208,4,1,1),(2540,2015,NULL,1209,4,1,1),(2541,2015,NULL,1210,4,1,1),(2542,2015,NULL,1211,4,1,1),(2543,2015,NULL,1212,4,1,1),(2544,2015,NULL,1213,4,1,1),(2545,2015,NULL,1214,4,1,1),(2546,2015,NULL,1215,4,1,1),(2547,2015,NULL,1216,4,1,1),(2548,2015,NULL,1217,4,1,1),(2549,2015,NULL,1218,4,1,1),(2550,2015,NULL,1219,4,1,1),(2551,2015,NULL,1220,4,1,1),(2552,2015,NULL,1221,4,1,1),(2553,2015,NULL,1222,4,1,1),(2554,2015,NULL,1223,4,1,1),(2555,2015,NULL,1224,4,1,1),(2556,2015,NULL,1225,4,1,1),(2557,2015,NULL,1226,4,1,1),(2558,2015,NULL,1227,4,1,1),(2559,2015,NULL,1228,4,1,1),(2560,2015,NULL,1229,4,1,1),(2561,2015,NULL,1230,4,1,1),(2562,2015,NULL,1231,4,1,1),(2563,2015,NULL,1232,4,1,1),(2564,2015,NULL,1233,4,1,1),(2565,2015,NULL,1234,4,1,1),(2566,2015,NULL,1235,4,1,1),(2567,2015,NULL,1236,4,1,1),(2568,2015,NULL,1237,4,1,1),(2569,2015,NULL,1238,4,1,1),(2570,2015,NULL,1239,4,1,1),(2571,2015,NULL,1240,4,1,1),(2572,2015,NULL,1241,4,1,1),(2573,2015,NULL,1242,4,1,1),(2574,2015,NULL,1243,4,1,1),(2575,2015,NULL,1244,4,1,1),(2576,2015,NULL,1245,4,1,1),(2577,2015,NULL,1246,4,1,1),(2578,2015,NULL,1247,4,1,1),(2579,2015,NULL,1248,4,1,1),(2580,2015,NULL,1249,4,1,1),(2581,2015,NULL,1250,4,1,1),(2582,2015,NULL,1251,4,1,1),(2583,2015,NULL,1252,4,1,1),(2584,2015,NULL,1253,4,1,1),(2585,2015,NULL,1254,4,1,1),(2586,2015,NULL,1255,4,1,1),(2587,2015,NULL,1256,4,1,1),(2588,2015,NULL,1257,4,1,1),(2589,2015,NULL,1258,4,1,1),(2590,2015,NULL,1259,4,1,1),(2591,2015,NULL,1260,4,1,1),(2592,2015,NULL,1261,4,1,1),(2593,2015,NULL,1262,4,1,1),(2594,2015,NULL,1263,4,1,1),(2595,2015,NULL,1264,4,1,1),(2596,2015,NULL,1265,4,1,1),(2597,2015,NULL,1266,4,1,1),(2598,2015,NULL,1267,4,1,1),(2599,2015,NULL,1268,4,1,1),(2600,2015,NULL,1269,4,1,1),(2601,2015,NULL,1270,4,1,1),(2602,2015,NULL,1271,4,1,1),(2603,2015,NULL,1272,4,1,1),(2604,2015,NULL,1273,4,1,1),(2605,2015,NULL,1274,4,1,1),(2606,2015,NULL,1275,4,1,1),(2607,2015,NULL,1276,4,1,1),(2608,2015,NULL,1277,4,1,1),(2609,2015,NULL,1278,4,1,1),(2610,2015,NULL,1279,4,1,1),(2611,2015,NULL,1280,4,1,1),(2612,2015,NULL,1281,4,1,1),(2613,2015,NULL,1283,4,1,1),(2614,2015,NULL,1284,4,1,1),(2615,2015,NULL,1285,4,1,1),(2616,2015,NULL,1286,4,1,1),(2617,2015,NULL,1287,4,1,1),(2618,2015,NULL,1288,4,1,1),(2619,2015,NULL,1289,4,1,1),(2620,2015,NULL,1290,4,1,1),(2621,2015,NULL,1291,4,1,1),(2622,2015,NULL,1292,4,1,1),(2623,2015,NULL,1293,4,1,1),(2624,2015,NULL,1294,4,1,1),(2625,2015,NULL,1295,4,1,1),(2626,2015,NULL,1296,4,1,1),(2627,2015,NULL,1297,4,1,1),(2628,2015,NULL,1298,4,1,1),(2629,2015,NULL,1299,4,1,1),(2630,2015,NULL,1300,4,1,1),(2631,2015,NULL,1301,4,1,1),(2632,2015,NULL,1302,4,1,1),(2633,2015,NULL,1303,4,1,1),(2634,2015,NULL,1304,4,1,1),(2635,2015,NULL,1305,4,1,1),(2636,2015,NULL,1306,4,1,1),(2637,2015,NULL,1307,4,1,1),(2638,2015,NULL,1308,4,1,1),(2639,2015,NULL,1309,4,1,1),(2640,2015,NULL,1310,4,1,1),(2641,2015,NULL,1311,4,1,1),(2642,2015,NULL,1312,4,1,1),(2643,2015,NULL,1313,4,1,1),(2644,2015,NULL,1314,4,1,1),(2645,2015,NULL,1315,4,1,1),(2646,2015,NULL,1316,4,1,1),(2647,2015,NULL,1317,4,1,1),(2648,2015,NULL,1318,4,1,1),(2649,2015,NULL,1319,4,1,1),(2650,2015,NULL,1320,4,1,1),(2651,2015,NULL,1321,4,1,1),(2652,2015,NULL,1322,4,1,1),(2653,2015,NULL,1323,4,1,1),(2654,2015,NULL,1324,4,1,1),(2655,2015,NULL,1325,4,1,1),(2656,2015,NULL,1326,4,1,1),(2657,2015,NULL,1327,4,1,1),(2658,2015,NULL,1328,4,1,1),(2659,2015,NULL,1329,4,1,1),(2660,2015,NULL,1330,4,1,1),(2661,2015,NULL,1331,4,1,1),(2662,2015,NULL,1332,4,1,1),(2663,2015,NULL,1333,4,1,1),(2664,2015,NULL,1334,4,1,1),(2665,2015,NULL,1335,4,1,1),(2666,2015,NULL,1336,4,1,1),(2667,2015,NULL,1337,4,1,1),(2668,2015,NULL,1338,4,1,1),(2669,2015,NULL,1339,4,1,1),(2670,2015,NULL,1340,4,1,1),(2671,2015,NULL,1341,4,1,1),(2672,2015,NULL,1342,4,1,1),(2673,2015,NULL,1343,4,1,1),(2674,2015,NULL,1344,4,1,1),(2675,2015,NULL,1345,4,1,1),(2676,2015,NULL,1346,4,1,1),(2677,2015,NULL,1347,4,1,1),(2678,2015,NULL,1348,4,1,1),(2679,2015,NULL,1349,4,1,1),(2680,2015,NULL,1350,4,1,1),(2681,2015,NULL,1351,4,1,1),(2682,2015,NULL,1352,4,1,1),(2683,2015,NULL,1353,4,1,1),(2684,2015,NULL,1354,4,1,1),(2685,2015,NULL,1355,4,1,1),(2686,2015,NULL,1356,4,1,1),(2687,2015,NULL,1357,4,1,1),(2688,2015,NULL,1358,4,1,1),(2689,2015,NULL,1359,4,1,1),(2690,2015,NULL,1360,4,1,1),(2691,2015,NULL,1361,4,1,1),(2692,2015,NULL,1362,4,1,1),(2693,2015,NULL,1363,4,1,1),(2694,2015,NULL,1364,4,1,1),(2695,2015,NULL,1365,4,1,1),(2696,2015,NULL,1366,4,1,1),(2697,2015,NULL,1367,4,1,1),(2698,2015,NULL,1368,4,1,1),(2699,2015,NULL,1369,4,1,1),(2700,2015,NULL,1370,4,1,1),(2701,2015,NULL,1371,4,1,1),(2702,2015,NULL,1372,4,1,1),(2703,2015,NULL,1373,4,1,1),(2704,2015,NULL,1374,4,1,1),(2705,2015,NULL,1375,4,1,1),(2706,2015,NULL,1376,4,1,1),(2707,2015,NULL,1377,4,1,1),(2708,2015,NULL,1378,4,1,1),(2709,2015,NULL,1379,4,1,1),(2710,2015,NULL,1380,4,1,1),(2711,2015,NULL,1381,4,1,1),(2712,2015,NULL,1382,4,1,1),(2713,2015,NULL,1383,4,1,1),(2714,2015,NULL,1384,4,1,1),(2715,2015,NULL,1385,4,1,1),(2716,2015,NULL,1386,4,1,1),(2717,2015,NULL,1387,4,1,1),(2718,2015,NULL,1388,4,1,1),(2719,2015,NULL,1389,4,1,1),(2720,2015,NULL,1390,4,1,1),(2721,2015,NULL,1391,4,1,1),(2722,2015,NULL,1392,4,1,1),(2723,2015,NULL,1393,4,1,1),(2724,2015,NULL,1394,4,1,1),(2725,2015,NULL,1395,4,1,1),(2726,2015,NULL,1396,4,1,1),(2727,2015,NULL,1398,4,1,1),(2728,2015,NULL,1399,4,1,1),(2729,2015,NULL,1400,4,1,1),(2730,2015,NULL,1402,4,1,1),(2731,2015,NULL,1403,4,1,1),(2732,2015,NULL,1404,4,1,1),(2733,2015,NULL,1405,4,1,1),(2734,2015,NULL,1406,4,1,1),(2735,2015,NULL,1407,4,1,1),(2736,2015,NULL,1408,4,1,1),(2737,2015,NULL,1409,4,1,1),(2738,2015,NULL,1410,4,1,1),(2739,2015,NULL,1411,4,1,1),(2740,2015,NULL,1417,4,1,1),(2741,2015,NULL,1418,4,1,1),(2742,2015,NULL,1419,4,1,1),(2743,2015,NULL,1420,4,1,1),(2744,2015,NULL,1421,4,1,1),(2745,2015,NULL,1422,4,1,1),(2746,2015,NULL,1423,4,1,1),(2747,2015,NULL,1424,4,1,1),(2748,2015,NULL,1425,4,1,1),(2749,2015,NULL,1426,4,1,1),(2750,2015,NULL,1427,4,1,1),(2751,2015,NULL,1428,4,1,1),(2752,2015,NULL,1429,4,1,1),(2753,2015,NULL,1430,4,1,1),(2754,2015,NULL,1431,4,1,1),(2755,2015,NULL,1432,4,1,1),(2756,2015,NULL,1433,4,1,1),(2757,2015,NULL,1434,4,1,1),(2758,2015,NULL,1435,4,1,1),(2759,2015,NULL,1436,4,1,1),(2760,2015,NULL,1437,4,1,1),(2761,2015,NULL,1438,4,1,1),(2762,2015,NULL,1439,4,1,1),(2763,2015,NULL,1441,4,1,1),(2764,2015,NULL,1442,4,1,1),(2765,2015,NULL,1443,4,1,1),(2766,2015,NULL,1444,4,1,1),(2767,2015,NULL,1445,4,1,1),(2768,2015,NULL,1446,4,1,1),(2769,2015,NULL,1447,4,1,1),(2770,2015,NULL,1448,4,1,1),(2771,2015,NULL,1450,4,1,1),(2772,2015,NULL,1451,4,1,1),(2773,2015,NULL,1452,4,1,1),(2774,2015,NULL,1453,4,1,1),(2775,2015,NULL,1454,4,1,1),(2776,2015,NULL,1455,4,1,1),(2777,2015,NULL,1456,4,1,1),(2778,2015,NULL,1457,4,1,1),(2779,2015,NULL,1458,4,1,1),(2780,2015,NULL,1459,4,1,1),(2781,2015,NULL,1460,4,1,1),(2782,2015,NULL,1461,4,1,1),(2783,2015,NULL,1462,4,1,1),(2784,2015,NULL,1465,4,1,1),(2785,2015,NULL,1466,4,1,1),(2786,2015,NULL,1467,4,1,1),(2787,2015,NULL,1468,4,1,1),(2788,2015,NULL,1469,4,1,1),(2789,2015,NULL,1470,4,1,1),(2790,2015,NULL,1471,4,1,1),(2791,2015,NULL,1472,4,1,1),(2792,2015,NULL,1473,4,1,1),(2793,2015,NULL,1474,4,1,1),(2794,2015,NULL,1475,4,1,1),(2795,2015,NULL,1476,4,1,1),(2796,2015,NULL,1477,4,1,1),(2797,2015,NULL,1478,4,1,1),(2798,2015,NULL,1479,4,1,1),(2799,2015,NULL,1480,4,1,1),(2800,2015,NULL,1483,4,1,1),(2801,2015,NULL,1484,4,1,1),(2802,2015,NULL,1485,4,1,1),(2803,2015,NULL,1486,4,1,1),(2804,2015,NULL,1488,4,1,1),(2805,2015,NULL,1489,4,1,1),(2806,2015,NULL,1490,4,1,1),(2807,2015,NULL,1491,4,1,1),(2808,2015,NULL,1492,4,1,1),(2809,2015,NULL,1493,4,1,1),(2810,2015,NULL,1494,4,1,1),(2811,2015,NULL,1495,4,1,1),(2812,2015,NULL,1496,4,1,1),(2813,2015,NULL,1497,4,1,1),(2814,2015,NULL,1498,4,1,1),(2815,2015,NULL,1499,4,1,1),(2816,2015,NULL,1500,4,1,1),(2817,2015,NULL,1501,4,1,1),(2818,2015,NULL,1502,4,1,1),(2819,2015,NULL,1503,4,1,1),(2820,2015,NULL,1504,4,1,1),(2821,2015,NULL,1505,4,1,1),(2822,2015,NULL,1506,4,1,1),(2823,2015,NULL,1507,4,1,1),(2824,2015,NULL,1508,4,1,1),(2825,2015,NULL,1509,4,1,1),(2826,2015,NULL,1510,4,1,1),(2827,2015,NULL,1511,4,1,1),(2828,2015,NULL,1512,4,1,1),(2829,2015,NULL,1513,4,1,1),(2830,2015,NULL,1514,4,1,1),(2831,2015,NULL,1515,4,1,1),(2832,2015,NULL,1516,4,1,1),(2833,2015,NULL,1517,4,1,1),(2834,2015,NULL,1518,4,1,1),(2835,2015,NULL,1519,4,1,1),(2836,2015,NULL,1520,4,1,1),(2837,2015,NULL,1521,4,1,1),(2838,2015,NULL,1522,4,1,1),(2839,2015,NULL,1523,4,1,1),(2840,2015,NULL,1524,4,1,1),(2841,2015,NULL,1525,4,1,1),(2842,2015,NULL,1526,4,1,1),(2843,2015,NULL,1527,4,1,1),(2844,2015,NULL,1528,4,1,1),(2845,2015,NULL,1529,4,1,1),(2846,2015,NULL,1530,4,1,1),(2847,2015,NULL,1531,4,1,1),(2848,2015,NULL,1532,4,1,1),(2849,2015,NULL,1533,4,1,1),(2850,2015,NULL,1534,4,1,1),(2851,2015,NULL,1535,4,1,1),(2852,2015,NULL,1536,4,1,1),(2853,2015,NULL,1537,4,1,1),(2854,2015,NULL,1538,4,1,1),(2855,2015,NULL,1539,4,1,1),(2856,2015,NULL,1540,4,1,1),(2857,2015,NULL,1541,4,1,1),(2858,2015,NULL,1542,4,1,1),(2859,2015,NULL,1543,4,1,1),(2860,2015,NULL,1544,4,1,1),(2861,2015,NULL,1545,4,1,1),(2862,2015,NULL,1547,4,1,1),(2863,2015,NULL,1549,4,1,1),(2864,2015,NULL,1550,4,1,1),(2865,2015,NULL,1551,4,1,1),(2866,2015,NULL,1552,4,1,1),(2867,2015,NULL,1553,4,1,1),(2868,2015,NULL,1554,4,1,1),(2869,2015,NULL,1556,4,1,1),(2870,2015,NULL,1558,4,1,1),(2871,2015,NULL,1560,4,1,1),(2872,2015,NULL,1562,4,1,1),(2873,2015,NULL,1564,4,1,1),(2874,2015,NULL,1566,4,1,1),(2875,2015,NULL,1567,4,1,1),(2876,2015,NULL,1569,4,1,1),(2877,2015,NULL,1570,4,1,1),(2878,2015,NULL,1572,4,1,1),(2879,2015,NULL,1573,4,1,1),(2880,2015,NULL,1574,4,1,1),(2881,2015,NULL,1575,4,1,1),(2882,2015,NULL,1576,4,1,1),(2883,2015,NULL,1578,4,1,1),(2884,2015,NULL,1580,4,1,1),(2885,2015,NULL,1581,4,1,1),(2886,2015,NULL,1582,4,1,1),(2887,2015,NULL,1583,4,1,1),(2888,2015,NULL,1584,4,1,1),(2889,2015,NULL,1586,4,1,1),(2890,2015,NULL,1588,4,1,1),(2891,2015,NULL,1589,4,1,1),(2892,2015,NULL,1591,4,1,1),(2893,2015,NULL,1593,4,1,1),(2894,2015,NULL,1594,4,1,1),(2895,2015,NULL,1595,4,1,1),(2896,2015,NULL,1597,4,1,1),(2897,2015,NULL,1599,4,1,1),(2898,2015,NULL,1601,4,1,1),(2899,2015,NULL,1603,4,1,1),(2900,2015,NULL,1605,4,1,1),(2901,2015,NULL,1607,4,1,1),(2902,2015,NULL,1608,4,1,1),(2903,2015,NULL,1609,4,1,1),(2904,2015,NULL,1610,4,1,1),(2905,2015,NULL,1611,4,1,1),(2906,2015,NULL,1612,4,1,1),(2907,2015,NULL,1613,4,1,1),(2908,2015,NULL,1614,4,1,1),(2909,2015,NULL,1615,4,1,1),(2910,2015,NULL,1616,4,1,1),(2911,2015,NULL,1617,4,1,1),(2912,2015,NULL,1618,4,1,1),(2913,2015,NULL,1619,4,1,1),(2914,2015,NULL,1620,4,1,1),(2915,2015,NULL,1621,4,1,1),(2916,2015,NULL,1622,4,1,1),(2917,2015,NULL,1624,4,1,1),(2918,2015,NULL,1626,4,1,1),(2919,2015,NULL,1627,4,1,1),(2920,2015,NULL,1629,4,1,1),(2921,2015,NULL,1631,4,1,1),(2922,2015,NULL,1633,4,1,1),(2923,2015,NULL,1635,4,1,1),(2924,2015,NULL,1636,4,1,1),(2925,2015,NULL,1637,4,1,1),(2926,2015,NULL,1638,4,1,1),(2927,2015,NULL,1640,4,1,1),(2928,2015,NULL,1642,4,1,1),(2929,2015,NULL,1643,4,1,1),(2930,2015,NULL,1644,4,1,1),(2931,2015,NULL,1645,4,1,1),(2932,2015,NULL,1646,4,1,1),(2933,2015,NULL,1647,4,1,1),(2934,2015,NULL,1648,4,1,1),(2935,2015,NULL,1649,4,1,1),(2936,2015,NULL,1651,4,1,1),(2937,2015,NULL,1653,4,1,1),(2938,2015,NULL,1655,4,1,1),(2939,2015,NULL,1657,4,1,1),(2940,2015,NULL,1658,4,1,1),(2941,2015,NULL,1659,4,1,1),(2942,2015,NULL,1660,4,1,1),(2943,2015,NULL,1661,4,1,1),(2944,2015,NULL,1662,4,1,1),(2945,2015,NULL,1663,4,1,1),(2946,2015,NULL,1664,4,1,1),(2947,2015,NULL,1665,4,1,1),(2948,2015,NULL,1666,4,1,1),(2949,2015,NULL,1667,4,1,1),(2950,2015,NULL,1668,4,1,1),(2951,2015,NULL,1669,4,1,1),(2952,2015,NULL,1670,4,1,1),(2953,2015,NULL,1671,4,1,1),(2954,2015,NULL,1672,4,1,1),(2955,2015,NULL,1673,4,1,1),(2956,2015,NULL,1674,4,1,1),(2957,2015,NULL,1675,4,1,1),(2958,2015,NULL,1677,4,1,1),(2959,2015,NULL,1679,4,1,1),(2960,2015,NULL,1681,4,1,1),(2961,2015,NULL,1682,4,1,1),(2962,2015,NULL,1683,4,1,1),(2963,2015,NULL,1684,4,1,1),(2964,2015,NULL,1685,4,1,1),(2965,2015,NULL,1686,4,1,1),(2966,2015,NULL,1687,4,1,1),(2967,2015,NULL,1688,4,1,1),(2968,2015,NULL,1689,4,1,1),(2969,2015,NULL,1690,4,1,1),(2970,2015,NULL,1691,4,1,1),(2971,2015,NULL,1693,4,1,1),(2972,2015,NULL,1695,4,1,1),(2973,2015,NULL,1696,4,1,1),(2974,2015,NULL,1697,4,1,1),(2975,2015,NULL,1698,4,1,1),(2976,2015,NULL,1699,4,1,1),(2977,2015,NULL,1700,4,1,1),(2978,2015,NULL,1701,4,1,1),(2979,2015,NULL,1702,4,1,1),(2980,2015,NULL,1703,4,1,1),(2981,2015,NULL,1704,4,1,1),(2982,2015,NULL,1705,4,1,1),(2983,2015,NULL,1706,4,1,1),(2984,2015,NULL,1707,4,1,1),(2985,2015,NULL,1708,4,1,1),(2986,2015,NULL,1709,4,1,1),(2987,2015,NULL,1710,4,1,1),(2988,2015,NULL,1712,4,1,1),(2989,2015,NULL,1714,4,1,1),(2990,2015,NULL,1716,4,1,1),(2991,2015,NULL,1718,4,1,1),(2992,2015,NULL,1720,4,1,1),(2993,2015,NULL,1721,4,1,1),(2994,2015,NULL,1722,4,1,1),(2995,2015,NULL,1723,4,1,1),(2996,2015,NULL,1724,4,1,1),(2997,2015,NULL,1725,4,1,1),(2998,2015,NULL,1726,4,1,1),(2999,2015,NULL,1727,4,1,1),(3000,2015,NULL,1728,4,1,1),(3001,2015,NULL,1729,4,1,1),(3002,2015,NULL,1730,4,1,1),(3003,2015,NULL,1731,4,1,1),(3004,2015,NULL,1732,4,1,1),(3005,2015,NULL,1733,4,1,1),(3006,2015,NULL,1734,4,1,1),(3007,2015,NULL,1735,4,1,1),(3008,2015,NULL,1736,4,1,1),(3009,2015,NULL,1737,4,1,1),(3010,2015,NULL,1738,4,1,1),(3011,2015,NULL,1739,4,1,1),(3012,2015,NULL,1740,4,1,1),(3013,2015,NULL,1741,4,1,1),(3014,2015,NULL,1742,4,1,1),(3015,2015,NULL,1743,4,1,1),(3016,2015,NULL,1744,4,1,1),(3017,2015,NULL,1745,4,1,1),(3018,2015,NULL,1746,4,1,1),(3019,2015,NULL,1747,4,1,1),(3020,2015,NULL,1748,4,1,1),(3021,2015,NULL,1749,4,1,1),(3022,2015,NULL,1750,4,1,1),(3023,2015,NULL,1751,4,1,1),(3024,2015,NULL,1752,4,1,1),(3025,2015,NULL,1753,4,1,1),(3026,2015,NULL,1754,4,1,1),(3027,2015,NULL,1755,4,1,1),(3028,2015,NULL,1756,4,1,1),(3029,2015,NULL,1757,4,1,1),(3030,2015,NULL,1758,4,1,1),(3031,2015,NULL,1759,4,1,1),(3032,2015,NULL,1760,4,1,1),(3033,2015,NULL,1761,4,1,1),(3034,2015,NULL,1762,4,1,1),(3035,2015,NULL,1763,4,1,1),(3036,2015,NULL,1764,4,1,1),(3037,2015,NULL,1765,4,1,1),(3038,2015,NULL,1766,4,1,1),(3039,2015,NULL,1767,4,1,1),(3040,2015,NULL,1768,4,1,1),(3041,2015,NULL,1769,4,1,1),(3042,2015,NULL,1770,4,1,1),(3043,2015,NULL,1771,4,1,1),(3044,2015,NULL,1772,4,1,1),(3045,2015,NULL,1773,4,1,1),(3046,2015,NULL,1774,4,1,1),(3047,2015,NULL,1775,4,1,1),(3048,2015,NULL,1776,4,1,1),(3049,2015,NULL,1777,4,1,1),(3050,2015,NULL,1778,4,1,1),(3051,2015,NULL,1779,4,1,1),(3052,2015,NULL,1780,4,1,1),(3053,2015,NULL,1781,4,1,1),(3054,2015,NULL,1782,4,1,1),(3055,2015,NULL,1783,4,1,1),(3056,2015,NULL,1785,4,1,1),(3057,2015,NULL,1786,4,1,1),(3058,2015,NULL,1787,4,1,1),(3059,2015,NULL,1788,4,1,1),(3060,2015,NULL,1789,4,1,1),(3061,2015,NULL,1790,4,1,1),(3062,2015,NULL,1791,4,1,1),(3063,2015,NULL,1792,4,1,1),(3064,2015,NULL,1793,4,1,1),(3065,2015,NULL,1794,4,1,1),(3066,2015,NULL,1795,4,1,1),(3067,2015,NULL,1796,4,1,1),(3068,2015,NULL,1797,4,1,1),(3069,2015,NULL,1798,4,1,1),(3070,2015,NULL,1799,4,1,1),(3071,2015,NULL,1800,4,1,1),(3072,2015,NULL,1801,4,1,1),(3073,2015,NULL,1802,4,1,1),(3074,2015,NULL,1803,4,1,1),(3075,2015,NULL,1804,4,1,1),(3076,2015,NULL,1805,4,1,1),(3077,2015,NULL,1806,4,1,1),(3078,2015,NULL,1807,4,1,1),(3079,2015,NULL,1808,4,1,1),(3080,2015,NULL,1809,4,1,1),(3081,2015,NULL,1810,4,1,1),(3082,2015,NULL,1811,4,1,1),(3083,2015,NULL,1812,4,1,1),(3084,2015,NULL,1813,4,1,1),(3085,2015,NULL,1814,4,1,1),(3086,2015,NULL,1815,4,1,1),(3087,2015,NULL,1816,4,1,1),(3088,2015,NULL,1817,4,1,1),(3089,2015,NULL,1818,4,1,1),(3090,2015,NULL,1819,4,1,1),(3091,2015,NULL,1820,4,1,1),(3092,2015,NULL,1821,4,1,1),(3093,2015,NULL,1822,4,1,1),(3094,2015,NULL,1823,4,1,1),(3095,2015,NULL,1824,4,1,1),(3096,2015,NULL,1825,4,1,1),(3097,2015,NULL,1826,4,1,1),(3098,2015,NULL,1827,4,1,1),(3099,2015,NULL,1828,4,1,1),(3100,2015,NULL,1829,4,1,1),(3101,2015,NULL,1830,4,1,1),(3102,2015,NULL,1831,4,1,1),(3103,2015,NULL,1832,4,1,1),(3104,2015,NULL,1833,4,1,1),(3105,2015,NULL,1834,4,1,1),(3106,2015,NULL,1835,4,1,1),(3107,2015,NULL,1836,4,1,1),(3108,2015,NULL,1837,4,1,1),(3109,2015,NULL,1838,4,1,1),(3110,2015,NULL,1839,4,1,1),(3111,2015,NULL,1851,4,1,1),(3112,2015,NULL,1852,4,1,1),(3113,2015,NULL,1853,4,1,1),(3114,2015,NULL,1854,4,1,1),(3115,2015,NULL,1855,4,1,1),(3116,2015,NULL,1856,4,1,1),(3117,2015,NULL,1857,4,1,1),(3118,2015,NULL,1858,4,1,1),(3119,2015,NULL,1859,4,1,1),(3120,2015,NULL,1860,4,1,1),(3121,2015,NULL,1861,4,1,1),(3122,2015,NULL,1862,4,1,1),(3123,2015,NULL,1863,4,1,1),(3124,2015,NULL,1864,4,1,1),(3125,2015,NULL,1865,4,1,1),(3126,2015,NULL,1866,4,1,1),(3127,2015,NULL,1867,4,1,1),(3128,2015,NULL,1868,4,1,1),(3129,2015,NULL,1869,4,1,1),(3130,2015,NULL,1870,4,1,1),(3131,2015,NULL,1891,4,1,1),(3132,2015,NULL,1892,4,1,1),(3133,2015,NULL,1893,4,1,1),(3134,2015,NULL,1894,4,1,1),(3135,2015,NULL,1895,4,1,1),(3136,2015,NULL,1896,4,1,1),(3137,2015,NULL,1897,4,1,1),(3138,2015,NULL,1898,4,1,1),(3139,2015,NULL,1899,4,1,1),(3140,2015,NULL,1900,4,1,1),(3141,2015,NULL,1901,4,1,1),(3142,2015,NULL,1902,4,1,1),(3143,2015,NULL,1903,4,1,1),(3144,2015,NULL,1904,4,1,1),(3145,2015,NULL,1905,4,1,1),(3146,2015,NULL,1906,4,1,1),(3147,2015,NULL,1907,4,1,1),(3148,2015,NULL,1908,4,1,1),(3149,2015,NULL,1909,4,1,1),(3150,2015,NULL,1910,4,1,1),(3151,2015,NULL,1911,4,1,1),(3152,2015,NULL,1912,4,1,1),(3153,2015,NULL,1913,4,1,1),(3154,2015,NULL,1914,4,1,1),(3155,2015,NULL,1915,4,1,1),(3156,2015,NULL,1916,4,1,1),(3157,2015,NULL,1917,4,1,1),(3158,2015,NULL,1918,4,1,1),(3159,2015,NULL,1919,4,1,1),(3160,2015,NULL,1920,4,1,1),(3161,2015,NULL,1921,4,1,1),(3162,2015,NULL,1922,4,1,1),(3163,2015,NULL,1923,4,1,1),(3164,2015,NULL,1924,4,1,1),(3165,2015,NULL,1925,4,1,1),(3166,2015,NULL,1926,4,1,1),(3167,2015,NULL,1927,4,1,1),(3168,2015,NULL,1928,4,1,1),(3169,2015,NULL,1929,4,1,1),(3170,2015,NULL,1930,4,1,1),(3171,2015,NULL,1931,4,1,1),(3172,2015,NULL,1932,4,1,1),(3173,2015,NULL,1933,4,1,1),(3174,2015,NULL,1934,4,1,1),(3175,2015,NULL,1935,4,1,1),(3176,2015,NULL,1936,4,1,1),(3177,2015,NULL,1937,4,1,1),(3178,2015,NULL,1938,4,1,1),(3179,2015,NULL,1939,4,1,1),(3180,2015,NULL,1940,4,1,1),(3181,2015,NULL,1941,4,1,1),(3182,2015,NULL,1942,4,1,1),(3183,2015,NULL,1943,4,1,1),(3184,2015,NULL,1944,4,1,1),(3185,2015,NULL,1945,4,1,1),(3186,2015,NULL,1946,4,1,1),(3187,2015,NULL,1947,4,1,1),(3188,2015,NULL,1948,4,1,1),(3189,2015,NULL,1949,4,1,1),(3190,2015,NULL,1950,4,1,1),(3191,2015,NULL,1951,4,1,1),(3192,2015,NULL,1952,4,1,1),(3193,2015,NULL,1953,4,1,1),(3194,2015,NULL,1954,4,1,1),(3195,2015,NULL,1955,4,1,1),(3196,2015,NULL,1956,4,1,1),(3197,2015,NULL,1957,4,1,1),(3198,2015,NULL,1958,4,1,1),(3199,2015,NULL,1959,4,1,1),(3200,2015,NULL,1960,4,1,1),(3201,2015,NULL,1961,4,1,1),(3202,2015,NULL,1962,4,1,1),(3203,2015,NULL,1963,4,1,1),(3204,2015,NULL,1964,4,1,1),(3205,2015,NULL,1965,4,1,1),(3206,2015,NULL,1966,4,1,1),(3207,2015,NULL,1967,4,1,1),(3208,2015,NULL,1968,4,1,1),(3209,2015,NULL,1969,4,1,1),(3210,2015,NULL,1970,4,1,1),(3211,2015,NULL,1971,4,1,1),(3212,2015,NULL,1972,4,1,1),(3213,2015,NULL,1973,4,1,1),(3214,2015,NULL,1974,4,1,1),(3215,2015,NULL,1975,4,1,1),(3216,2015,NULL,1976,4,1,1),(3217,2015,NULL,1977,4,1,1),(3218,2015,NULL,1978,4,1,1),(3219,2015,NULL,1979,4,1,1),(3220,2015,NULL,1980,4,1,1),(3221,2015,NULL,1981,4,1,1),(3222,2015,NULL,1982,4,1,1),(3223,2015,NULL,1983,4,1,1),(3224,2015,NULL,1984,4,1,1),(3225,2015,NULL,1985,4,1,1),(3226,2015,NULL,1986,4,1,1),(3227,2015,NULL,1987,4,1,1),(3228,2015,NULL,1988,4,1,1),(3229,2015,NULL,1989,4,1,1),(3230,2015,NULL,1990,4,1,1),(3231,2015,NULL,1991,4,1,1),(3232,2015,NULL,1992,4,1,1),(3233,2015,NULL,1993,4,1,1),(3234,2015,NULL,1994,4,1,1),(3235,2015,NULL,1995,4,1,1),(3236,2015,NULL,1996,4,1,1),(3237,2015,NULL,1997,4,1,1),(3238,2015,NULL,1998,4,1,1),(3239,2015,NULL,1999,4,1,1),(3240,2015,NULL,2000,4,1,1),(3241,2015,NULL,2001,4,1,1),(3242,2015,NULL,2002,4,1,1),(3243,2015,NULL,2003,4,1,1),(3244,2015,NULL,2004,4,1,1),(3245,2015,NULL,2005,4,1,1),(3246,2015,NULL,2006,4,1,1),(3247,2015,NULL,2007,4,1,1),(3248,2015,NULL,2008,4,1,1),(3249,2015,NULL,2009,4,1,1),(3250,2015,NULL,2010,4,1,1),(3251,2015,NULL,2011,4,1,1),(3252,2015,NULL,2012,4,1,1),(3253,2015,NULL,2013,4,1,1),(3254,2015,NULL,2014,4,1,1),(3255,2015,NULL,2015,4,1,1),(3256,2015,NULL,2016,4,1,1),(3257,2015,NULL,2018,4,1,1),(3258,2015,NULL,2019,4,1,1),(3259,2015,NULL,2021,4,1,1),(3260,2015,NULL,2022,4,1,1),(3261,2015,NULL,2024,4,1,1),(3262,2015,NULL,2025,4,1,1),(3263,2015,NULL,2026,4,1,1),(3264,2015,NULL,2027,4,1,1),(3265,2015,NULL,2028,4,1,1),(3266,2015,NULL,2029,4,1,1),(3267,2015,NULL,2030,4,1,1),(3268,2015,NULL,2031,4,1,1),(3269,2015,NULL,2032,4,1,1),(3270,2015,NULL,2033,4,1,1),(3271,2015,NULL,2034,4,1,1),(3272,2015,NULL,2035,4,1,1),(3273,2015,NULL,2036,4,1,1),(3274,2015,NULL,2037,4,1,1),(3275,2015,NULL,2038,4,1,1),(3276,2015,NULL,2039,4,1,1),(3277,2015,NULL,2040,4,1,1),(3278,2015,NULL,2041,4,1,1),(3279,2015,NULL,2042,4,1,1),(3280,2015,NULL,2043,4,1,1),(3281,2015,NULL,2044,4,1,1),(3282,2015,NULL,2045,4,1,1),(3283,2015,NULL,2046,4,1,1),(3284,2015,NULL,2047,4,1,1),(3285,2015,NULL,2048,4,1,1),(3286,2015,NULL,2049,4,1,1),(3287,2015,NULL,2050,4,1,1),(3288,2015,NULL,2051,4,1,1),(3289,2015,NULL,2052,4,1,1),(3290,2015,NULL,2053,4,1,1),(3291,2015,NULL,2054,4,1,1),(3292,2015,NULL,2055,4,1,1),(3293,2015,NULL,2056,4,1,1),(3294,2015,NULL,2057,4,1,1),(3295,2015,NULL,2058,4,1,1),(3296,2015,NULL,2059,4,1,1),(3297,2015,NULL,2060,4,1,1),(3298,2015,NULL,2061,4,1,1),(3299,2015,NULL,2062,4,1,1),(3300,2015,NULL,2063,4,1,1),(3301,2015,NULL,2064,4,1,1),(3302,2015,NULL,2065,4,1,1),(3303,2015,NULL,2066,4,1,1),(3304,2015,NULL,2067,4,1,1),(3305,2015,NULL,2068,4,1,1),(3306,2015,NULL,2069,4,1,1),(3307,2015,NULL,2070,4,1,1),(3308,2015,NULL,2071,4,1,1),(3309,2015,NULL,2072,4,1,1),(3310,2015,NULL,2073,4,1,1),(3311,2015,NULL,2074,4,1,1),(3312,2015,NULL,2075,4,1,1),(3313,2015,NULL,2076,4,1,1),(3314,2015,NULL,2077,4,1,1),(3315,2015,NULL,2078,4,1,1),(3316,2015,NULL,2079,4,1,1),(3317,2015,NULL,2080,4,1,1),(3318,2015,NULL,2081,4,1,1),(3319,2015,NULL,2082,4,1,1),(3320,2015,NULL,2083,4,1,1),(3321,2015,NULL,2084,4,1,1),(3322,2015,NULL,2085,4,1,1),(3323,2015,NULL,2086,4,1,1),(3324,2015,NULL,2087,4,1,1),(3325,2015,NULL,2088,4,1,1),(3326,2015,NULL,2089,4,1,1),(3327,2015,NULL,2090,4,1,1),(3328,2015,NULL,2091,4,1,1),(3329,2015,NULL,2092,4,1,1),(3330,2015,NULL,2093,4,1,1),(3331,2015,NULL,2094,4,1,1),(3332,2015,NULL,2095,4,1,1),(3333,2015,NULL,2096,4,1,1),(3334,2015,NULL,2097,4,1,1),(3335,2015,NULL,2098,4,1,1),(3336,2015,NULL,2099,4,1,1),(3337,2015,NULL,2100,4,1,1),(3338,2015,NULL,2101,4,1,1),(3339,2015,NULL,2102,4,1,1),(3340,2015,NULL,2103,4,1,1),(3341,2015,NULL,2104,4,1,1),(3342,2015,NULL,2105,4,1,1),(3343,2015,NULL,2106,4,1,1),(3344,2015,NULL,2107,4,1,1),(3345,2015,NULL,2108,4,1,1),(3346,2015,NULL,2109,4,1,1),(3347,2015,NULL,2110,4,1,1),(3348,2015,NULL,2111,4,1,1),(3349,2015,NULL,2112,4,1,1),(3350,2015,NULL,2113,4,1,1),(3351,2015,NULL,2114,4,1,1),(3352,2015,NULL,2115,4,1,1),(3353,2015,NULL,2116,4,1,1),(3354,2015,NULL,2117,4,1,1),(3355,2015,NULL,2118,4,1,1),(3356,2015,NULL,2119,4,1,1),(3357,2015,NULL,2120,4,1,1),(3358,2015,NULL,2121,4,1,1),(3359,2015,NULL,2122,4,1,1),(3360,2015,NULL,2123,4,1,1),(3361,2015,NULL,2124,4,1,1),(3362,2015,NULL,2125,4,1,1),(3363,2015,NULL,2126,4,1,1),(3364,2015,NULL,2127,4,1,1),(3365,2015,NULL,2128,4,1,1),(3366,2015,NULL,2129,4,1,1),(3367,2015,NULL,2130,4,1,1),(3368,2015,NULL,2131,4,1,1),(3369,2015,NULL,2132,4,1,1),(3370,2015,NULL,2133,4,1,1),(3371,2015,NULL,2134,4,1,1),(3372,2015,NULL,2135,4,1,1),(3373,2015,NULL,2136,4,1,1),(3374,2015,NULL,2137,4,1,1),(3375,2015,NULL,2138,4,1,1),(3376,2015,NULL,2139,4,1,1),(3377,2015,NULL,2140,4,1,1),(3378,2015,NULL,2141,4,1,1),(3379,2015,NULL,2142,4,1,1),(3380,2015,NULL,2143,4,1,1),(3381,2015,NULL,2144,4,1,1),(3382,2015,NULL,2145,4,1,1),(3383,2015,NULL,2146,4,1,1),(3384,2015,NULL,2147,4,1,1),(3385,2015,NULL,2148,4,1,1),(3386,2015,NULL,2149,4,1,1),(3387,2015,NULL,2150,4,1,1),(3388,2015,NULL,2151,4,1,1),(3389,2015,NULL,2152,4,1,1),(3390,2015,NULL,2153,4,1,1),(3391,2015,NULL,2154,4,1,1),(3392,2015,NULL,2155,4,1,1),(3393,2015,NULL,2156,4,1,1),(3394,2015,NULL,2157,4,1,1),(3395,2015,NULL,2158,4,1,1),(3396,2015,NULL,2159,4,1,1),(3397,2015,NULL,2160,4,1,1),(3398,2015,NULL,2161,4,1,1),(3399,2015,NULL,2162,4,1,1),(3400,2015,NULL,2163,4,1,1),(3401,2015,NULL,2164,4,1,1),(3402,2015,NULL,2165,4,1,1),(3403,2015,NULL,2166,4,1,1),(3404,2015,NULL,2168,4,1,1),(3405,2015,NULL,2169,4,1,1),(3406,2015,NULL,2171,4,1,1),(3407,2015,NULL,2172,4,1,1),(3408,2015,NULL,2173,4,1,1),(3409,2015,NULL,2174,4,1,1),(3410,2015,NULL,2175,4,1,1),(3411,2015,NULL,2176,4,1,1),(3412,2015,NULL,2177,4,1,1),(3413,2015,NULL,2178,4,1,1),(3414,2015,NULL,2179,4,1,1),(3415,2015,NULL,2180,4,1,1),(3416,2015,NULL,2181,4,1,1),(3417,2015,NULL,2182,4,1,1),(3418,2015,NULL,2183,4,1,1),(3419,2015,NULL,2184,4,1,1),(3420,2015,NULL,2185,4,1,1),(3421,2015,NULL,2186,4,1,1),(3422,2015,NULL,2187,4,1,1),(3423,2015,NULL,2188,4,1,1),(3424,2015,NULL,2189,4,1,1),(3425,2015,NULL,2190,4,1,1),(3426,2015,NULL,2191,4,1,1),(3427,2015,NULL,2192,4,1,1),(3428,2015,NULL,2193,4,1,1),(3429,2015,NULL,2194,4,1,1),(3430,2015,NULL,2195,4,1,1),(3431,2015,NULL,2196,4,1,1),(3432,2015,NULL,2197,4,1,1),(3433,2015,NULL,2198,4,1,1),(3434,2015,NULL,2199,4,1,1),(3435,2015,NULL,2200,4,1,1),(3436,2015,NULL,2201,4,1,1),(3437,2015,NULL,2203,4,1,1),(3438,2015,NULL,2204,4,1,1),(3439,2015,NULL,2205,4,1,1),(3440,2015,NULL,2206,4,1,1),(3441,2015,NULL,2207,4,1,1),(3442,2015,NULL,2208,4,1,1),(3443,2015,NULL,2209,4,1,1),(3444,2015,NULL,2210,4,1,1),(3445,2015,NULL,2211,4,1,1),(3446,2015,NULL,2213,4,1,1),(3447,2015,NULL,2214,4,1,1),(3448,2015,NULL,2215,4,1,1),(3449,2015,NULL,2217,4,1,1),(3450,2015,NULL,2218,4,1,1),(3451,2015,NULL,2219,4,1,1),(3452,2015,NULL,2220,4,1,1),(3453,2015,NULL,2221,4,1,1),(3454,2015,NULL,2222,4,1,1),(3455,2015,NULL,2223,4,1,1),(3456,2015,NULL,2224,4,1,1),(3457,2015,NULL,2225,4,1,1),(3458,2015,NULL,2226,4,1,1),(3459,2015,NULL,2227,4,1,1),(3460,2015,NULL,2228,4,1,1),(3461,2015,NULL,2229,4,1,1),(3462,2015,NULL,2230,4,1,1),(3463,2015,NULL,2231,4,1,1),(3464,2015,NULL,2232,4,1,1),(3465,2015,NULL,2233,4,1,1),(3466,2015,NULL,2234,4,1,1),(3467,2015,NULL,2235,4,1,1),(3468,2015,NULL,2236,4,1,1),(3469,2015,NULL,2237,4,1,1),(3470,2015,NULL,2238,4,1,1),(3471,2015,NULL,2239,4,1,1),(3472,2015,NULL,2240,4,1,1),(3473,2015,NULL,2241,4,1,1),(3474,2015,NULL,2243,4,1,1),(3475,2015,NULL,2244,4,1,1),(3476,2015,NULL,2245,4,1,1),(3477,2015,NULL,2246,4,1,1),(3478,2015,NULL,2247,4,1,1),(3479,2015,NULL,2248,4,1,1),(3480,2015,NULL,2249,4,1,1),(3481,2015,NULL,2250,4,1,1),(3482,2015,NULL,2251,4,1,1),(3483,2015,NULL,2252,4,1,1),(3484,2015,NULL,2253,4,1,1),(3485,2015,NULL,2254,4,1,1),(3486,2015,NULL,2255,4,1,1),(3487,2015,NULL,2256,4,1,1),(3488,2015,NULL,2257,4,1,1),(3489,2015,NULL,2258,4,1,1),(3490,2015,NULL,2259,4,1,1),(3491,2015,NULL,2260,4,1,1),(3492,2015,NULL,2261,4,1,1),(3493,2015,NULL,2262,4,1,1),(3494,2015,NULL,2263,4,1,1),(3495,2015,NULL,2264,4,1,1),(3496,2015,NULL,2265,4,1,1),(3497,2015,NULL,2266,4,1,1),(3498,2015,NULL,2267,4,1,1),(3499,2015,NULL,2268,4,1,1),(3500,2015,NULL,2269,4,1,1),(3501,2015,NULL,2270,4,1,1),(3502,2015,NULL,2271,4,1,1),(3503,2015,NULL,2272,4,1,1),(3504,2015,NULL,2273,4,1,1),(3505,2015,NULL,2274,4,1,1),(3506,2015,NULL,2275,4,1,1),(3507,2015,NULL,2276,4,1,1),(3508,2015,NULL,2277,4,1,1),(3509,2015,NULL,2278,4,1,1),(3510,2015,NULL,2279,4,1,1),(3511,2015,NULL,2280,4,1,1),(3512,2015,NULL,2281,4,1,1),(3513,2015,NULL,2282,4,1,1),(3514,2015,NULL,2283,4,1,1),(3515,2015,NULL,2284,4,1,1),(3516,2015,NULL,2285,4,1,1),(3517,2015,NULL,2286,4,1,1),(3518,2015,NULL,2287,4,1,1),(3519,2015,NULL,2297,4,1,1),(3520,2015,NULL,2298,4,1,1),(3521,2015,NULL,2299,4,1,1),(3522,2015,NULL,2300,4,1,1),(3523,2015,NULL,2301,4,1,1),(3524,2015,NULL,2302,4,1,1),(3525,2015,NULL,2305,4,1,1),(3526,2015,NULL,2306,4,1,1),(3527,2015,NULL,2307,4,1,1),(3528,2015,NULL,2308,4,1,1),(3529,2015,NULL,2309,4,1,1),(3530,2015,NULL,2310,4,1,1),(3531,2015,NULL,2311,4,1,1),(3532,2015,NULL,2312,4,1,1),(3533,2015,NULL,2313,4,1,1),(3534,2015,NULL,2314,4,1,1),(3535,2015,NULL,2315,4,1,1),(3536,2015,NULL,2316,4,1,1),(3537,2015,NULL,2317,4,1,1),(3538,2015,NULL,2318,4,1,1),(3539,2015,NULL,2319,4,1,1),(3540,2015,NULL,2320,4,1,1),(3541,2015,NULL,2322,4,1,1),(3542,2015,NULL,2323,4,1,1),(3543,2015,NULL,2324,4,1,1),(3544,2015,NULL,2325,4,1,1),(3545,2015,NULL,2326,4,1,1),(3546,2015,NULL,2327,4,1,1),(3547,2015,NULL,2328,4,1,1),(3548,2015,NULL,2329,4,1,1),(3549,2015,NULL,2330,4,1,1),(3550,2015,NULL,2331,4,1,1),(3551,2015,NULL,2332,4,1,1),(3552,2015,NULL,2333,4,1,1),(3553,2015,NULL,2334,4,1,1),(3554,2015,NULL,2335,4,1,1),(3555,2015,NULL,2336,4,1,1),(3556,2015,NULL,2337,4,1,1),(3557,2015,NULL,2338,4,1,1),(3558,2015,NULL,2339,4,1,1),(3559,2015,NULL,2340,4,1,1),(3560,2015,NULL,2341,4,1,1),(3561,2015,NULL,2342,4,1,1),(3562,2015,NULL,2343,4,1,1),(3563,2015,NULL,2344,4,1,1),(3564,2015,NULL,2345,4,1,1),(3565,2015,NULL,2346,4,1,1),(3566,2015,NULL,2347,4,1,1),(3567,2015,NULL,2348,4,1,1),(3568,2015,NULL,2349,4,1,1),(3569,2015,NULL,2350,4,1,1),(3570,2015,NULL,2351,4,1,1),(3571,2015,NULL,2352,4,1,1),(3572,2015,NULL,2353,4,1,1),(3573,2015,NULL,2354,4,1,1),(3574,2015,NULL,2355,4,1,1),(3575,2015,NULL,2356,4,1,1),(3576,2015,NULL,2357,4,1,1),(3577,2015,NULL,2358,4,1,1),(3578,2015,NULL,2359,4,1,1),(3579,2015,NULL,2360,4,1,1),(3580,2015,NULL,2361,4,1,1),(3581,2015,NULL,2362,4,1,1),(3582,2015,NULL,2363,4,1,1),(3583,2015,NULL,2364,4,1,1),(3584,2015,NULL,2366,4,1,1),(3585,2015,NULL,2367,4,1,1),(3586,2015,NULL,2368,4,1,1),(3587,2015,NULL,2369,4,1,1),(3588,2015,NULL,2370,4,1,1),(3589,2015,NULL,2371,4,1,1),(3590,2015,NULL,2372,4,1,1),(3591,2015,NULL,2373,4,1,1),(3592,2015,NULL,2374,4,1,1),(3593,2015,NULL,2375,4,1,1),(3594,2015,NULL,2376,4,1,1),(3595,2015,NULL,2377,4,1,1),(3596,2015,NULL,2378,4,1,1),(3597,2015,NULL,2379,4,1,1),(3598,2015,NULL,2380,4,1,1),(3599,2015,NULL,2381,4,1,1),(3600,2015,NULL,2382,4,1,1),(3601,2015,NULL,2383,4,1,1),(3602,2015,NULL,2384,4,1,1),(3603,2015,NULL,2385,4,1,1),(3604,2015,NULL,2386,4,1,1),(3605,2015,NULL,2387,4,1,1),(3606,2015,NULL,2388,4,1,1),(3607,2015,NULL,2389,4,1,1),(3608,2015,NULL,2390,4,1,1),(3609,2015,NULL,2391,4,1,1),(3610,2015,NULL,2392,4,1,1),(3611,2015,NULL,2393,4,1,1),(3612,2015,NULL,2394,4,1,1),(3613,2015,NULL,2395,4,1,1);
/*!40000 ALTER TABLE `module_odel_plan` ENABLE KEYS */;
UNLOCK TABLES;

--
-- Table structure for table `pedagogy_type`
--

DROP TABLE IF EXISTS `pedagogy_type`;
/*!40101 SET @saved_cs_client     = @@character_set_client */;
/*!40101 SET character_set_client = utf8 */;
CREATE TABLE `pedagogy_type` (
  `id` bigint(20) NOT NULL AUTO_INCREMENT,
  `pedagogy` varchar(255) NOT NULL,
  PRIMARY KEY (`id`)
) ENGINE=InnoDB AUTO_INCREMENT=5 DEFAULT CHARSET=latin1;
/*!40101 SET character_set_client = @saved_cs_client */;

--
-- Dumping data for table `pedagogy_type`
--

LOCK TABLES `pedagogy_type` WRITE;
/*!40000 ALTER TABLE `pedagogy_type` DISABLE KEYS */;
INSERT INTO `pedagogy_type` VALUES (1,'BLENDED'),(2,'ONLINE'),(3,'Traditional Correspondence'),(4,'Digital Correspondence');
/*!40000 ALTER TABLE `pedagogy_type` ENABLE KEYS */;
UNLOCK TABLES;

--
-- Table structure for table `printing`
--

DROP TABLE IF EXISTS `printing`;
/*!40101 SET @saved_cs_client     = @@character_set_client */;
/*!40101 SET character_set_client = utf8 */;
CREATE TABLE `printing` (
  `id` bigint(20) NOT NULL AUTO_INCREMENT,
  `printing` varchar(255) NOT NULL,
  PRIMARY KEY (`id`)
) ENGINE=InnoDB AUTO_INCREMENT=5 DEFAULT CHARSET=latin1;
/*!40101 SET character_set_client = @saved_cs_client */;

--
-- Dumping data for table `printing`
--

LOCK TABLES `printing` WRITE;
/*!40000 ALTER TABLE `printing` DISABLE KEYS */;
INSERT INTO `printing` VALUES (1,'Study Guide and Tutorial Letters'),(2,'Study Guide'),(3,'Tutorial Letters'),(4,'NONE');
/*!40000 ALTER TABLE `printing` ENABLE KEYS */;
UNLOCK TABLES;

--
-- Table structure for table `school`
--

DROP TABLE IF EXISTS `school`;
/*!40101 SET @saved_cs_client     = @@character_set_client */;
/*!40101 SET character_set_client = utf8 */;
CREATE TABLE `school` (
  `id` bigint(20) NOT NULL AUTO_INCREMENT,
  `school_name` varchar(255) NOT NULL,
  `college_id` bigint(20) NOT NULL,
  PRIMARY KEY (`id`),
  KEY `fk_school_college_id` (`college_id`),
  CONSTRAINT `fk_school_college_id` FOREIGN KEY (`college_id`) REFERENCES `college` (`id`)
) ENGINE=InnoDB AUTO_INCREMENT=18 DEFAULT CHARSET=latin1;
/*!40101 SET character_set_client = @saved_cs_client */;

--
-- Dumping data for table `school`
--

LOCK TABLES `school` WRITE;
/*!40000 ALTER TABLE `school` DISABLE KEYS */;
INSERT INTO `school` VALUES (1,'School of Accountancy',3),(2,'School of Applied Accountancy',3),(3,'School of Agriculture and Life Sciences',4),(4,'School of Environmental Sciences',4),(5,'School of Economic and Financial Sciences',7),(6,'School of Management Sciences',7),(7,'School of Public and Operations Management',7),(8,'School of Educational Studies',8),(9,'School of Teacher Education',8),(10,'School of Arts',9),(11,'School of Humanities',9),(12,'School of Social Sciences',9),(13,'School of Law',10),(14,'School of Criminal Justice',10),(15,'School of Science',11),(16,'School of Engineering',11),(17,'School of Computing',11);
/*!40000 ALTER TABLE `school` ENABLE KEYS */;
UNLOCK TABLES;

--
-- Temporary table structure for view `v_build_ds`
--

DROP TABLE IF EXISTS `v_build_ds`;
/*!50001 DROP VIEW IF EXISTS `v_build_ds`*/;
SET @saved_cs_client     = @@character_set_client;
SET character_set_client = utf8;
/*!50001 CREATE VIEW `v_build_ds` AS SELECT 
 1 AS `jhi_year`,
 1 AS `module_name`,
 1 AS `pedagogy`,
 1 AS `printing`,
 1 AS `exam`,
 1 AS `department_name`,
 1 AS `school_name`,
 1 AS `college_name`*/;
SET character_set_client = @saved_cs_client;

--
-- Temporary table structure for view `v_odel`
--

DROP TABLE IF EXISTS `v_odel`;
/*!50001 DROP VIEW IF EXISTS `v_odel`*/;
SET @saved_cs_client     = @@character_set_client;
SET character_set_client = utf8;
/*!50001 CREATE VIEW `v_odel` AS SELECT 
 1 AS `jhi_year`,
 1 AS `module_name`,
 1 AS `pedagogy`,
 1 AS `printing`,
 1 AS `exam`*/;
SET character_set_client = @saved_cs_client;

--
-- Temporary table structure for view `v_tidy_dataframe`
--

DROP TABLE IF EXISTS `v_tidy_dataframe`;
/*!50001 DROP VIEW IF EXISTS `v_tidy_dataframe`*/;
SET @saved_cs_client     = @@character_set_client;
SET character_set_client = utf8;
/*!50001 CREATE VIEW `v_tidy_dataframe` AS SELECT 
 1 AS `jhi_year`,
 1 AS `module_name`,
 1 AS `department_name`,
 1 AS `school_name`,
 1 AS `kpi_category`,
 1 AS `kpi_measure`*/;
SET character_set_client = @saved_cs_client;

--
-- Final view structure for view `v_build_ds`
--

/*!50001 DROP VIEW IF EXISTS `v_build_ds`*/;
/*!50001 SET @saved_cs_client          = @@character_set_client */;
/*!50001 SET @saved_cs_results         = @@character_set_results */;
/*!50001 SET @saved_col_connection     = @@collation_connection */;
/*!50001 SET character_set_client      = latin1 */;
/*!50001 SET character_set_results     = latin1 */;
/*!50001 SET collation_connection      = latin1_swedish_ci */;
/*!50001 CREATE ALGORITHM=UNDEFINED */
/*!50013 DEFINER=`root`@`localhost` SQL SECURITY DEFINER */
/*!50001 VIEW `v_build_ds` AS select `a`.`jhi_year` AS `jhi_year`,`a`.`module_name` AS `module_name`,`a`.`pedagogy` AS `pedagogy`,`a`.`printing` AS `printing`,`a`.`exam` AS `exam`,`c`.`department_name` AS `department_name`,`d`.`school_name` AS `school_name`,`e`.`college_name` AS `college_name` from ((((`college_plans`.`v_odel` `a` join `college_plans`.`module` `b`) join `college_plans`.`department` `c`) join `college_plans`.`school` `d`) join `college_plans`.`college` `e`) where ((`a`.`module_name` = `b`.`module_name`) and (`c`.`id` = `b`.`department_id`) and (`d`.`id` = `c`.`school_id`) and (`e`.`id` = `d`.`college_id`)) */;
/*!50001 SET character_set_client      = @saved_cs_client */;
/*!50001 SET character_set_results     = @saved_cs_results */;
/*!50001 SET collation_connection      = @saved_col_connection */;

--
-- Final view structure for view `v_odel`
--

/*!50001 DROP VIEW IF EXISTS `v_odel`*/;
/*!50001 SET @saved_cs_client          = @@character_set_client */;
/*!50001 SET @saved_cs_results         = @@character_set_results */;
/*!50001 SET @saved_col_connection     = @@collation_connection */;
/*!50001 SET character_set_client      = latin1 */;
/*!50001 SET character_set_results     = latin1 */;
/*!50001 SET collation_connection      = latin1_swedish_ci */;
/*!50001 CREATE ALGORITHM=UNDEFINED */
/*!50013 DEFINER=`root`@`localhost` SQL SECURITY DEFINER */
/*!50001 VIEW `v_odel` AS select `a`.`jhi_year` AS `jhi_year`,`b`.`module_name` AS `module_name`,`c`.`pedagogy` AS `pedagogy`,`d`.`printing` AS `printing`,`e`.`exam` AS `exam` from (((((select `main`.`jhi_year` AS `jhi_year`,`main`.`module_id` AS `module_id`,ifnull(`MM`.`pedagogy_type_id`,`pp`.`pedagogy_type_id`) AS `pedagogy_type_id`,ifnull(`MM`.`printing_id`,`pp`.`printing_id`) AS `printing_id`,ifnull(`MM`.`exam_type_id`,`pp`.`exam_type_id`) AS `exam_type_id` from ((((select distinct `ODL`.`jhi_year` AS `jhi_year`,`m`.`module_id` AS `module_id` from (`college_plans`.`module_odel_plan` `ODL` join (select distinct `college_plans`.`module_odel_plan`.`module_id` AS `module_id` from `college_plans`.`module_odel_plan`) `M`))) `MAIN` left join `college_plans`.`module_odel_plan` `MM` on(((`main`.`jhi_year` = `MM`.`jhi_year`) and (`main`.`module_id` = `MM`.`module_id`)))) left join (select `ODL`.`jhi_year` AS `jhi_year`,`ODL`.`module_id` AS `module_id`,`ODL`.`pedagogy_type_id` AS `pedagogy_type_id`,`ODL`.`printing_id` AS `printing_id`,`ODL`.`exam_type_id` AS `exam_type_id` from (`college_plans`.`module_odel_plan` `ODL` join (select `college_plans`.`module_odel_plan`.`module_id` AS `module_id`,max(`college_plans`.`module_odel_plan`.`jhi_year`) AS `jhi_year` from `college_plans`.`module_odel_plan` group by `college_plans`.`module_odel_plan`.`module_id`) `K` on(((`ODL`.`jhi_year` = `k`.`jhi_year`) and (`ODL`.`module_id` = `k`.`module_id`))))) `PP` on((`pp`.`module_id` = `main`.`module_id`))) order by `main`.`jhi_year`,`main`.`module_id`) `a` join `college_plans`.`module` `b`) join `college_plans`.`pedagogy_type` `c`) join `college_plans`.`printing` `d`) join `college_plans`.`exam_type` `e`) where ((`a`.`module_id` = `b`.`id`) and (`a`.`pedagogy_type_id` = `c`.`id`) and (`a`.`printing_id` = `d`.`id`) and (`a`.`exam_type_id` = `e`.`id`)) */;
/*!50001 SET character_set_client      = @saved_cs_client */;
/*!50001 SET character_set_results     = @saved_cs_results */;
/*!50001 SET collation_connection      = @saved_col_connection */;

--
-- Final view structure for view `v_tidy_dataframe`
--

/*!50001 DROP VIEW IF EXISTS `v_tidy_dataframe`*/;
/*!50001 SET @saved_cs_client          = @@character_set_client */;
/*!50001 SET @saved_cs_results         = @@character_set_results */;
/*!50001 SET @saved_col_connection     = @@collation_connection */;
/*!50001 SET character_set_client      = latin1 */;
/*!50001 SET character_set_results     = latin1 */;
/*!50001 SET collation_connection      = latin1_swedish_ci */;
/*!50001 CREATE ALGORITHM=UNDEFINED */
/*!50013 DEFINER=`root`@`localhost` SQL SECURITY DEFINER */
/*!50001 VIEW `v_tidy_dataframe` AS select `v_build_ds`.`jhi_year` AS `jhi_year`,`v_build_ds`.`module_name` AS `module_name`,`v_build_ds`.`department_name` AS `department_name`,`v_build_ds`.`school_name` AS `school_name`,'Pedagogy' AS `kpi_category`,(case when (`v_build_ds`.`pedagogy` like 'Digital%') then 'DIGITAL' else `v_build_ds`.`pedagogy` end) AS `kpi_measure` from `college_plans`.`v_build_ds` union all select `v_build_ds`.`jhi_year` AS `jhi_year`,`v_build_ds`.`module_name` AS `module_name`,`v_build_ds`.`department_name` AS `department_name`,`v_build_ds`.`school_name` AS `school_name`,'Exam' AS `kpi_category`,(case when (`v_build_ds`.`exam` like 'NONE%') then 'NONE' else `v_build_ds`.`exam` end) AS `kpi_measure` from `college_plans`.`v_build_ds` union all select `v_build_ds`.`jhi_year` AS `jhi_year`,`v_build_ds`.`module_name` AS `module_name`,`v_build_ds`.`department_name` AS `department_name`,`v_build_ds`.`school_name` AS `school_name`,'Printing' AS `kpi_category`,(case when (`v_build_ds`.`printing` like 'Study%') then 'MATERIAL' else `v_build_ds`.`printing` end) AS `kpi_measure` from `college_plans`.`v_build_ds` */;
/*!50001 SET character_set_client      = @saved_cs_client */;
/*!50001 SET character_set_results     = @saved_cs_results */;
/*!50001 SET collation_connection      = @saved_col_connection */;
/*!40103 SET TIME_ZONE=@OLD_TIME_ZONE */;

/*!40101 SET SQL_MODE=@OLD_SQL_MODE */;
/*!40014 SET FOREIGN_KEY_CHECKS=@OLD_FOREIGN_KEY_CHECKS */;
/*!40014 SET UNIQUE_CHECKS=@OLD_UNIQUE_CHECKS */;
/*!40101 SET CHARACTER_SET_CLIENT=@OLD_CHARACTER_SET_CLIENT */;
/*!40101 SET CHARACTER_SET_RESULTS=@OLD_CHARACTER_SET_RESULTS */;
/*!40101 SET COLLATION_CONNECTION=@OLD_COLLATION_CONNECTION */;
/*!40111 SET SQL_NOTES=@OLD_SQL_NOTES */;

-- Dump completed on 2018-06-16 18:07:14
